,Unnamed: 0.2,Unnamed: 0.1,Unnamed: 0,class,group,language,ID
0,0,0,0,Elefante,Mamífero,Español,1.jpg
1,1,1,1,bos-gaurus,Animalia,Latina,2.jpg
2,2,2,2,martes-americana,Animalia,Latina,3.jpg
3,3,3,3,poutine,Dishes,English,4.jpg
4,4,4,4,triceratops-horridus,Animalia,Latina,5.jpg
5,5,5,5,eudocimus-albus,Animalia,Latina,6.jpg
6,6,6,6,eudocimus-albus,Animalia,Latina,7.jpg
7,7,7,7,loxodonta-africana,Animalia,Latina,8.jpg
8,8,8,8,puma-concolor,Animalia,Latina,9.jpg
9,9,9,9,desmodus-rotundus,Animalia,Latina,10.jpg
10,10,10,10,phoebetria-fusca,Animalia,Latina,11.jpg
11,11,11,11,salmo-salar,Animalia,Latina,12.jpg
12,12,12,12,triceratops-horridus,Animalia,Latina,13.jpg
13,13,13,13,spaghetti_carbonara,Dishes,English,14.jpg
14,14,14,14,flamenco,aves,Español,15.jpg
15,15,15,15,croque_madame,Dishes,English,16.jpg
16,16,16,16,ara-macao,Animalia,Latina,17.jpg
17,17,17,17,rooster,Other,English,18.jpg
18,18,18,18,megaptera-novaeangliae,Animalia,Latina,19.jpg
19,19,19,19,fried_rice,Dishes,English,20.jpg
20,20,20,20,anas-platyrhynchos,Animalia,Latina,21.jpg
21,21,21,21,ursus-maritimus,Animalia,Latina,22.jpg
22,22,22,22,equus-quagga,Animalia,Latina,23.jpg
23,23,23,23,red_velvet_cake,Dishes,English,24.jpg
24,24,24,24,fish_and_chips,Dishes,English,25.jpg
25,25,25,25,nachos,Dishes,English,26.jpg
26,26,26,26,gallus-gallus-domesticus,Animalia,Latina,27.jpg
27,27,27,27,passerina-ciris,Animalia,Latina,28.jpg
28,28,28,28,eggs_benedict,Dishes,English,29.jpg
29,29,29,29,french_onion_soup,Dishes,English,30.jpg
30,30,30,30,pteranodon-longiceps,Animalia,Latina,31.jpg
31,31,31,31,sunflower,Other,English,32.jpg
32,32,32,32,stop_sign,Other,English,33.jpg
33,33,33,33,falco-peregrinus,Animalia,Latina,34.jpg
34,34,34,34,ramen,Dishes,English,35.jpg
35,35,35,35,spring_rolls,Dishes,English,36.jpg
36,36,36,36,tyrannus-tyrannus,Animalia,Latina,37.jpg
37,37,37,37,poecile-atricapillus,Animalia,Latina,38.jpg
38,38,38,38,pongo-abelii,Animalia,Latina,39.jpg
39,39,39,39,flamenco,aves,Español,40.jpg
40,40,40,40,inline_skate,Other,English,41.jpg
41,41,41,41,phascolarctos-cinereus,Animalia,Latina,42.jpg
42,42,42,42,mimus-polyglottos,Animalia,Latina,43.jpg
43,43,43,43,risotto,Dishes,English,44.jpg
44,44,44,44,minaret,Other,English,45.jpg
45,45,45,45,varanus-komodoensis,Animalia,Latina,46.jpg
46,46,46,46,pavo-cristatus,Animalia,Latina,47.jpg
47,47,47,47,baklava,Dishes,English,48.jpg
48,48,48,48,mammuthus-primigeniu,Animalia,Latina,49.jpg
49,49,49,49,codium-fragile,Animalia,Latina,50.jpg
50,50,50,50,balaenoptera-musculus,Animalia,Latina,51.jpg
51,51,51,51,colaptes-auratus,Animalia,Latina,52.jpg
52,52,52,52,pancakes,Dishes,English,53.jpg
53,53,53,53,pantherophis-alleghaniensis,Animalia,Latina,54.jpg
54,54,54,54,cougar,Cat,English,55.jpg
55,55,55,55,circus-hudsonius,Animalia,Latina,56.jpg
56,56,56,56,Leopards,Other,English,57.jpg
57,57,57,57,tiramisu,Dishes,English,58.jpg
58,58,58,58,red_velvet_cake,Dishes,English,59.jpg
59,59,59,59,delfín,Mamífero,Español,60.jpg
60,60,60,60,dollar_bill,Other,English,61.jpg
61,61,61,61,cannoli,Dishes,English,62.jpg
62,62,62,62,bison-bison,Animalia,Latina,63.jpg
63,63,63,63,chandelier,Other,English,64.jpg
64,64,64,64,apple_pie,Dishes,English,65.jpg
65,65,65,65,scallops,Dishes,English,66.jpg
66,66,66,66,ovis-canadensis,Animalia,Latina,67.jpg
67,67,67,67,chicken_curry,Dishes,English,68.jpg
68,68,68,68,club_sandwich,Dishes,English,69.jpg
69,69,69,69,hapalochlaena-maculosa,Animalia,Latina,70.jpg
70,70,70,70,ovis-aries,Animalia,Latina,71.jpg
71,71,71,71,pancakes,Dishes,English,72.jpg
72,72,72,72,buddha,Other,English,73.jpg
73,73,73,73,cathartes-aura,Animalia,Latina,74.jpg
74,74,74,74,spaghetti_bolognese,Dishes,English,75.jpg
75,75,75,75,cup,Other,English,76.jpg
76,76,76,76,sea_horse,Other,English,77.jpg
77,77,77,77,car_side,Other,English,78.jpg
78,78,78,78,spaghetti_bolognese,Dishes,English,79.jpg
79,79,79,79,pyramid,Other,English,80.jpg
80,80,80,80,circus-hudsonius,Animalia,Latina,81.jpg
81,81,81,81,monodon-monoceros,Animalia,Latina,82.jpg
82,82,82,82,ewer,Other,English,83.jpg
83,83,83,83,eidolon-helvum,Animalia,Latina,84.jpg
84,84,84,84,felis-catus,Animalia,Latina,85.jpg
85,85,85,85,BACKGROUND_Google,Other,English,86.jpg
86,86,86,86,dollar_bill,Other,English,87.jpg
87,87,87,87,heterocera,Animalia,Latina,88.jpg
88,88,88,88,macaroni_and_cheese,Dishes,English,89.jpg
89,89,89,89,hot_dog,Dishes,English,90.jpg
90,90,90,90,giraffa-camelopardalis,Animalia,Latina,91.jpg
91,91,91,91,anchor,Other,English,92.jpg
92,92,92,92,wrench,Other,English,93.jpg
93,93,93,93,flamenco,aves,Español,94.jpg
94,94,94,94,paella,Dishes,English,95.jpg
95,95,95,95,caesar_salad,Dishes,English,96.jpg
96,96,96,96,barrel,Other,English,97.jpg
97,97,97,97,panthera-pardus,Animalia,Latina,98.jpg
98,98,98,98,crayfish,Other,English,99.jpg
99,99,99,99,ibis,Other,English,100.jpg
100,100,100,100,gallus-gallus-domesticus,Animalia,Latina,101.jpg
101,101,101,101,ceiling_fan,Other,English,102.jpg
102,102,102,102,mussels,Dishes,English,103.jpg
103,103,103,103,bread_pudding,Dishes,English,104.jpg
104,104,104,104,chair,Other,English,105.jpg
105,105,105,105,icterus-gularis,Animalia,Latina,106.jpg
106,106,106,106,okapia-johnstoni,Animalia,Latina,107.jpg
107,107,107,107,cocodrilo,Anfibio,Español,108.jpg
108,108,108,108,varanus-komodoensis,Animalia,Latina,109.jpg
109,109,109,109,french_toast,Dishes,English,110.jpg
110,110,110,110,homo-sapiens,Animalia,Latina,111.jpg
111,111,111,111,watch,Other,English,112.jpg
112,112,112,112,centrochelys-sulcata,Animalia,Latina,113.jpg
113,113,113,113,gavialis-gangeticus,Animalia,Latina,114.jpg
114,114,114,114,hummus,Dishes,English,115.jpg
115,115,115,115,llama,Other,English,116.jpg
116,116,116,116,ibis,Other,English,117.jpg
117,117,117,117,starfish,Other,English,118.jpg
118,118,118,118,codium-fragile,Animalia,Latina,119.jpg
119,119,119,119,fried_calamari,Dishes,English,120.jpg
120,120,120,120,sushi,Dishes,English,121.jpg
121,121,121,121,pho,Dishes,English,122.jpg
122,122,122,122,electric_guitar,Other,English,123.jpg
123,123,123,123,gnocchi,Dishes,English,124.jpg
124,124,124,124,melanerpes-carolinus,Animalia,Latina,125.jpg
125,125,125,125,buddha,Other,English,126.jpg
126,126,126,126,accordion,Other,English,127.jpg
127,127,127,127,chair,Other,English,128.jpg
128,128,128,128,equus-quagga,Animalia,Latina,129.jpg
129,129,129,129,seaweed_salad,Dishes,English,130.jpg
130,130,130,130,caesar_salad,Dishes,English,131.jpg
131,131,131,131,carcharodon-carcharias,Animalia,Latina,132.jpg
132,132,132,132,smilodon-populator,Animalia,Latina,133.jpg
133,133,133,133,panda,Other,English,134.jpg
134,134,134,134,trilobita,Animalia,Latina,135.jpg
135,135,135,135,cyanocitta-cristata,Animalia,Latina,136.jpg
136,136,136,136,cannon,Other,English,137.jpg
137,137,137,137,scallops,Dishes,English,138.jpg
138,138,138,138,eggs_benedict,Dishes,English,139.jpg
139,139,139,139,eunectes-murinus,Animalia,Latina,140.jpg
140,140,140,140,pad_thai,Dishes,English,141.jpg
141,141,141,141,grilled_salmon,Dishes,English,142.jpg
142,142,142,142,malayopython-reticulatus,Animalia,Latina,143.jpg
143,143,143,143,carcharodon-carcharias,Animalia,Latina,144.jpg
144,144,144,144,anas-platyrhynchos,Animalia,Latina,145.jpg
145,145,145,145,revolver,Other,English,146.jpg
146,146,146,146,telmatobufo-bullocki,Animalia,Latina,147.jpg
147,147,147,147,clam_chowder,Dishes,English,148.jpg
148,148,148,148,chocolate_cake,Dishes,English,149.jpg
149,149,149,149,ceratitis-capitata,Animalia,Latina,150.jpg
150,150,150,150,rooster,Other,English,151.jpg
151,151,151,151,wrench,Other,English,152.jpg
152,152,152,152,creme_brulee,Dishes,English,153.jpg
153,153,153,153,vulpes-vulpes,Animalia,Latina,154.jpg
154,154,154,154,taurotragus-oryx,Animalia,Latina,155.jpg
155,155,155,155,stegosaurus,Other,English,156.jpg
156,156,156,156,heterocera,Animalia,Latina,157.jpg
157,157,157,157,camera,Other,English,158.jpg
158,158,158,158,french_fries,Dishes,English,159.jpg
159,159,159,159,iguanodon-bernissartensis,Animalia,Latina,160.jpg
160,160,160,160,lotus,Other,English,161.jpg
161,161,161,161,puma-concolor,Animalia,Latina,162.jpg
162,162,162,162,odobenus-rosmarus,Animalia,Latina,163.jpg
163,163,163,163,ardea-herodias,Animalia,Latina,164.jpg
164,164,164,164,mellisuga-helenae,Animalia,Latina,165.jpg
165,165,165,165,gnocchi,Dishes,English,166.jpg
166,166,166,166,monodon-monoceros,Animalia,Latina,167.jpg
167,167,167,167,BACKGROUND_Google,Other,English,168.jpg
168,168,168,168,accordion,Other,English,169.jpg
169,169,169,169,panna_cotta,Dishes,English,170.jpg
170,170,170,170,correlophus-ciliatus,Animalia,Latina,171.jpg
171,171,171,171,eunectes-murinus,Animalia,Latina,172.jpg
172,172,172,172,schooner,Other,English,173.jpg
173,173,173,173,passerina-ciris,Animalia,Latina,174.jpg
174,174,174,174,cougar,Cat,English,175.jpg
175,175,175,175,pizza,Dishes,English,176.jpg
176,176,176,176,equus-caballus,Animalia,Latina,177.jpg
177,177,177,177,heloderma-suspectum,Animalia,Latina,178.jpg
178,178,178,178,water_lilly,Other,English,179.jpg
179,179,179,179,greek_salad,Dishes,English,180.jpg
180,180,180,180,starfish,Other,English,181.jpg
181,181,181,181,Hormiga,Insectos,Español,182.jpg
182,182,182,182,haliaeetus-leucocephalus,Animalia,Latina,183.jpg
183,183,183,183,sunflower,Other,English,184.jpg
184,184,184,184,hippopotamus-amphibius,Animalia,Latina,185.jpg
185,185,185,185,macaroni_and_cheese,Dishes,English,186.jpg
186,186,186,186,gnocchi,Dishes,English,187.jpg
187,187,187,187,procyon-lotor,Animalia,Latina,188.jpg
188,188,188,188,greek_salad,Dishes,English,189.jpg
189,189,189,189,agkistrodon-contortrix,Animalia,Latina,190.jpg
190,190,190,190,panthera-leo,Animalia,Latina,191.jpg
191,191,191,191,Motorbikes,Other,English,192.jpg
192,192,192,192,enhydra-lutris,Animalia,Latina,193.jpg
193,193,193,193,ibis,Other,English,194.jpg
194,194,194,194,saxophone,Other,English,195.jpg
195,195,195,195,minaret,Other,English,196.jpg
196,196,196,196,Faces,Faces,English,197.jpg
197,197,197,197,chair,Other,English,198.jpg
198,198,198,198,correlophus-ciliatus,Animalia,Latina,199.jpg
199,199,199,199,iguana-iguana,Animalia,Latina,200.jpg
200,200,200,200,tick,Other,English,201.jpg
201,201,201,201,spinosaurus-aegyptiacus,Animalia,Latina,202.jpg
202,202,202,202,ceratitis-capitata,Animalia,Latina,203.jpg
203,203,203,203,breakfast_burrito,Dishes,English,204.jpg
204,204,204,204,circus-hudsonius,Animalia,Latina,205.jpg
205,205,205,205,agalychnis-callidryas,Animalia,Latina,206.jpg
206,206,206,206,loxodonta-africana,Animalia,Latina,207.jpg
207,207,207,207,grilled_salmon,Dishes,English,208.jpg
208,208,208,208,bradypus-variegatus,Animalia,Latina,209.jpg
209,209,209,209,bibimbap,Dishes,English,210.jpg
210,210,210,210,aquila-chrysaetos,Animalia,Latina,211.jpg
211,211,211,211,menorah,Other,English,212.jpg
212,212,212,212,joshua_tree,Other,English,213.jpg
213,213,213,213,panda,Other,English,214.jpg
214,214,214,214,martes-americana,Animalia,Latina,215.jpg
215,215,215,215,Faces,Other,English,216.jpg
216,216,216,216,colaptes-auratus,Animalia,Latina,217.jpg
217,217,217,217,rattus-rattus,Animalia,Latina,218.jpg
218,218,218,218,ceiling_fan,Other,English,219.jpg
219,219,219,219,tacos,Dishes,English,220.jpg
220,220,220,220,hydrurga-leptonyx,Animalia,Latina,221.jpg
221,221,221,221,formicidae,Animalia,Latina,222.jpg
222,222,222,222,spring_rolls,Dishes,English,223.jpg
223,223,223,223,omelette,Dishes,English,224.jpg
224,224,224,224,pigeon,Other,English,225.jpg
225,225,225,225,tapirus,Animalia,Latina,226.jpg
226,226,226,226,bass,Other,English,227.jpg
227,227,227,227,correlophus-ciliatus,Animalia,Latina,228.jpg
228,228,228,228,ketch,Other,English,229.jpg
229,229,229,229,aquila-chrysaetos,Animalia,Latina,230.jpg
230,230,230,230,odobenus-rosmarus,Animalia,Latina,231.jpg
231,231,231,231,dugong-dugon,Animalia,Latina,232.jpg
232,232,232,232,panthera-onca,Animalia,Latina,233.jpg
233,233,233,233,cathartes-aura,Animalia,Latina,234.jpg
234,234,234,234,mimus-polyglottos,Animalia,Latina,235.jpg
235,235,235,235,pantherophis-alleghaniensis,Animalia,Latina,236.jpg
236,236,236,236,Elefante,Mamífero,Español,237.jpg
237,237,237,237,carrot_cake,Dishes,English,238.jpg
238,238,238,238,eunectes-murinus,Animalia,Latina,239.jpg
239,239,239,239,salmo-salar,Animalia,Latina,240.jpg
240,240,240,240,haliaeetus-leucocephalus,Animalia,Latina,241.jpg
241,241,241,241,takoyaki,Dishes,English,242.jpg
242,242,242,242,breakfast_burrito,Dishes,English,243.jpg
243,243,243,243,megaptera-novaeangliae,Animalia,Latina,244.jpg
244,244,244,244,tiramisu,Dishes,English,245.jpg
245,245,245,245,rattus-rattus,Animalia,Latina,246.jpg
246,246,246,246,spheniscus-demersus,Animalia,Latina,247.jpg
247,247,247,247,panthera-pardus,Animalia,Latina,248.jpg
248,248,248,248,tick,Other,English,249.jpg
249,249,249,249,french_toast,Dishes,English,250.jpg
250,250,250,250,pterois-volitans,Animalia,Latina,251.jpg
251,251,251,251,beet_salad,Dishes,English,252.jpg
252,252,252,252,macarons,Dishes,English,253.jpg
253,253,253,253,ceratotherium-simum,Animalia,Latina,254.jpg
254,254,254,254,sphyrna-mokarran,Animalia,Latina,255.jpg
255,255,255,255,peking_duck,Dishes,English,256.jpg
256,256,256,256,caprese_salad,Dishes,English,257.jpg
257,257,257,257,bos-gaurus,Animalia,Latina,258.jpg
258,258,258,258,beef_tartare,Dishes,English,259.jpg
259,259,259,259,red_velvet_cake,Dishes,English,260.jpg
260,260,260,260,equus-caballus,Animalia,Latina,261.jpg
261,261,261,261,bos-taurus,Animalia,Latina,262.jpg
262,262,262,262,pho,Dishes,English,263.jpg
263,263,263,263,coelacanthiformes,Animalia,Latina,264.jpg
264,264,264,264,orcinus-orca,Animalia,Latina,265.jpg
265,265,265,265,malayopython-reticulatus,Animalia,Latina,266.jpg
266,266,266,266,metronome,Other,English,267.jpg
267,267,267,267,rhino,Other,English,268.jpg
268,268,268,268,ceviche,Dishes,English,269.jpg
269,269,269,269,Motorbikes,Other,English,270.jpg
270,270,270,270,Motorbikes,Other,English,271.jpg
271,271,271,271,menorah,Other,English,272.jpg
272,272,272,272,rattus-rattus,Animalia,Latina,273.jpg
273,273,273,273,gyoza,Dishes,English,274.jpg
274,274,274,274,hedgehog,Other,English,275.jpg
275,275,275,275,canis-lupus,Animalia,Latina,276.jpg
276,276,276,276,pterois-volitans,Animalia,Latina,277.jpg
277,277,277,277,hot_and_sour_soup,Dishes,English,278.jpg
278,278,278,278,loxodonta-africana,Animalia,Latina,279.jpg
279,279,279,279,delfín,Mamífero,Español,280.jpg
280,280,280,280,centrochelys-sulcata,Animalia,Latina,281.jpg
281,281,281,281,tacos,Dishes,English,282.jpg
282,282,282,282,tyrannosaurus-rex,Animalia,Latina,283.jpg
283,283,283,283,correlophus-ciliatus,Animalia,Latina,284.jpg
284,284,284,284,macarons,Dishes,English,285.jpg
285,285,285,285,aptenodytes-forsteri,Animalia,Latina,286.jpg
286,286,286,286,panna_cotta,Dishes,English,287.jpg
287,287,287,287,phoenicopterus-ruber,Animalia,Latina,288.jpg
288,288,288,288,chicken_wings,Dishes,English,289.jpg
289,289,289,289,binocular,Other,English,290.jpg
290,290,290,290,tiramisu,Dishes,English,291.jpg
291,291,291,291,chandelier,Other,English,292.jpg
292,292,292,292,hot_and_sour_soup,Dishes,English,293.jpg
293,293,293,293,salmo-salar,Animalia,Latina,294.jpg
294,294,294,294,tursiops-truncatus,Animalia,Latina,295.jpg
295,295,295,295,branta-canadensis,Animalia,Latina,296.jpg
296,296,296,296,macaroni_and_cheese,Dishes,English,297.jpg
297,297,297,297,binocular,Other,English,298.jpg
298,298,298,298,lobster_roll_sandwich,Dishes,English,299.jpg
299,299,299,299,minaret,Other,English,300.jpg
300,300,300,300,huevos_rancheros,Dishes,English,301.jpg
301,301,301,301,beef_carpaccio,Dishes,English,302.jpg
302,302,302,302,Motorbikes,Other,English,303.jpg
303,303,303,303,garfield,Other,English,304.jpg
304,304,304,304,sphyrna-mokarran,Animalia,Latina,305.jpg
305,305,305,305,guacamole,Dishes,English,306.jpg
306,306,306,306,enhydra-lutris,Animalia,Latina,307.jpg
307,307,307,307,rhino,Other,English,308.jpg
308,308,308,308,ceratotherium-simum,Animalia,Latina,309.jpg
309,309,309,309,pigeon,Other,English,310.jpg
310,310,310,310,peking_duck,Dishes,English,311.jpg
311,311,311,311,stegosaurus-stenops,Animalia,Latina,312.jpg
312,312,312,312,phoenicopterus-ruber,Animalia,Latina,313.jpg
313,313,313,313,equus-quagga,Animalia,Latina,314.jpg
314,314,314,314,butterfly,Other,English,315.jpg
315,315,315,315,eunectes-murinus,Animalia,Latina,316.jpg
316,316,316,316,chicken_wings,Dishes,English,317.jpg
317,317,317,317,scissors,Other,English,318.jpg
318,318,318,318,apple_pie,Dishes,English,319.jpg
319,319,319,319,menorah,Other,English,320.jpg
320,320,320,320,windsor_chair,Other,English,321.jpg
321,321,321,321,laptop,Other,English,322.jpg
322,322,322,322,bread_pudding,Dishes,English,323.jpg
323,323,323,323,thryothorus-ludovicianus,Animalia,Latina,324.jpg
324,324,324,324,baby_back_ribs,Dishes,English,325.jpg
325,325,325,325,euphonium,Other,English,326.jpg
326,326,326,326,cellphone,Other,English,327.jpg
327,327,327,327,panna_cotta,Dishes,English,328.jpg
328,328,328,328,canis-lupus,Animalia,Latina,329.jpg
329,329,329,329,spaghetti_carbonara,Dishes,English,330.jpg
330,330,330,330,hedgehog,Other,English,331.jpg
331,331,331,331,macropus-giganteus,Animalia,Latina,332.jpg
332,332,332,332,scorpion,Other,English,333.jpg
333,333,333,333,airplanes,Other,English,334.jpg
334,334,334,334,ara-macao,Animalia,Latina,335.jpg
335,335,335,335,baklava,Dishes,English,336.jpg
336,336,336,336,ursus-maritimus,Animalia,Latina,337.jpg
337,337,337,337,lobster,Other,English,338.jpg
338,338,338,338,emu,Other,English,339.jpg
339,339,339,339,icterus-gularis,Animalia,Latina,340.jpg
340,340,340,340,chrysemys-picta,Animalia,Latina,341.jpg
341,341,341,341,papilio-glaucus,Animalia,Latina,342.jpg
342,342,342,342,euphonium,Other,English,343.jpg
343,343,343,343,cryptoprocta-ferox,Animalia,Latina,344.jpg
344,344,344,344,spaghetti_carbonara,Dishes,English,345.jpg
345,345,345,345,shrimp_and_grits,Dishes,English,346.jpg
346,346,346,346,onion_rings,Dishes,English,347.jpg
347,347,347,347,iguanodon-bernissartensis,Animalia,Latina,348.jpg
348,348,348,348,canis-lupus-familiaris,Animalia,Latina,349.jpg
349,349,349,349,schooner,Other,English,350.jpg
350,350,350,350,scorpion,Other,English,351.jpg
351,351,351,351,ibis,Other,English,352.jpg
352,352,352,352,cup_cakes,Dishes,English,353.jpg
353,353,353,353,delfín,Mamífero,Español,354.jpg
354,354,354,354,sunflower,Other,English,355.jpg
355,355,355,355,rusa-unicolor,Animalia,Latina,356.jpg
356,356,356,356,cocodrilo,Anfibio,Español,357.jpg
357,357,357,357,strawberry_shortcake,Dishes,English,358.jpg
358,358,358,358,wrench,Other,English,359.jpg
359,359,359,359,panthera-onca,Animalia,Latina,360.jpg
360,360,360,360,smilodon-populator,Animalia,Latina,361.jpg
361,361,361,361,spinosaurus-aegyptiacus,Animalia,Latina,362.jpg
362,362,362,362,chrysemys-picta,Animalia,Latina,363.jpg
363,363,363,363,hot_and_sour_soup,Dishes,English,364.jpg
364,364,364,364,pad_thai,Dishes,English,365.jpg
365,365,365,365,cardinalis-cardinalis,Animalia,Latina,366.jpg
366,366,366,366,barrel,Other,English,367.jpg
367,367,367,367,dragonfly,Other,English,368.jpg
368,368,368,368,beef_tartare,Dishes,English,369.jpg
369,369,369,369,equus-caballus,Animalia,Latina,370.jpg
370,370,370,370,mayfly,Other,English,371.jpg
371,371,371,371,balaenoptera-musculus,Animalia,Latina,372.jpg
372,372,372,372,turdus-migratorius,Animalia,Latina,373.jpg
373,373,373,373,falafel,Dishes,English,374.jpg
374,374,374,374,centrochelys-sulcata,Animalia,Latina,375.jpg
375,375,375,375,anchor,Other,English,376.jpg
376,376,376,376,croque_madame,Dishes,English,377.jpg
377,377,377,377,crotalus-atrox,Animalia,Latina,378.jpg
378,378,378,378,gramophone,Other,English,379.jpg
379,379,379,379,french_fries,Dishes,English,380.jpg
380,380,380,380,pantherophis-guttatus,Animalia,Latina,381.jpg
381,381,381,381,lampropeltis-triangulum,Animalia,Latina,382.jpg
382,382,382,382,icterus-galbula,Animalia,Latina,383.jpg
383,383,383,383,creme_brulee,Dishes,English,384.jpg
384,384,384,384,cheesecake,Dishes,English,385.jpg
385,385,385,385,french_fries,Dishes,English,386.jpg
386,386,386,386,connochaetes-gnou,Animalia,Latina,387.jpg
387,387,387,387,panthera-tigris,Animalia,Latina,388.jpg
388,388,388,388,beaver,Other,English,389.jpg
389,389,389,389,equus-quagga,Animalia,Latina,390.jpg
390,390,390,390,huevos_rancheros,Dishes,English,391.jpg
391,391,391,391,chrysemys-picta,Animalia,Latina,392.jpg
392,392,392,392,pterois-volitans,Animalia,Latina,393.jpg
393,393,393,393,bruschetta,Dishes,English,394.jpg
394,394,394,394,passerina-ciris,Animalia,Latina,395.jpg
395,395,395,395,ice_cream,Dishes,English,396.jpg
396,396,396,396,baby_back_ribs,Dishes,English,397.jpg
397,397,397,397,wheelchair,Other,English,398.jpg
398,398,398,398,peking_duck,Dishes,English,399.jpg
399,399,399,399,strawberry,Other,English,400.jpg
400,400,400,400,tursiops-truncatus,Animalia,Latina,401.jpg
401,401,401,401,garlic_bread,Dishes,English,402.jpg
402,402,402,402,stegosaurus-stenops,Animalia,Latina,403.jpg
403,403,403,403,foie_gras,Dishes,English,404.jpg
404,404,404,404,pavo-cristatus,Animalia,Latina,405.jpg
405,405,405,405,branta-canadensis,Animalia,Latina,406.jpg
406,406,406,406,eidolon-helvum,Animalia,Latina,407.jpg
407,407,407,407,ankylosaurus-magniventris,Animalia,Latina,408.jpg
408,408,408,408,beet_salad,Dishes,English,409.jpg
409,409,409,409,buddha,Other,English,410.jpg
410,410,410,410,flamenco,aves,Español,411.jpg
411,411,411,411,cup,Other,English,412.jpg
412,412,412,412,shrimp_and_grits,Dishes,English,413.jpg
413,413,413,413,cardinalis-cardinalis,Animalia,Latina,414.jpg
414,414,414,414,cannon,Other,English,415.jpg
415,415,415,415,sushi,Dishes,English,416.jpg
416,416,416,416,bison-bison,Animalia,Latina,417.jpg
417,417,417,417,betta-splendens,Animalia,Latina,418.jpg
418,418,418,418,anchor,Other,English,419.jpg
419,419,419,419,taurotragus-oryx,Animalia,Latina,420.jpg
420,420,420,420,onion_rings,Dishes,English,421.jpg
421,421,421,421,sunflower,Other,English,422.jpg
422,422,422,422,tyrannus-tyrannus,Animalia,Latina,423.jpg
423,423,423,423,bison-bison,Animalia,Latina,424.jpg
424,424,424,424,Leopards,Other,English,425.jpg
425,425,425,425,sashimi,Dishes,English,426.jpg
426,426,426,426,ewer,Other,English,427.jpg
427,427,427,427,desmodus-rotundus,Animalia,Latina,428.jpg
428,428,428,428,okapia-johnstoni,Animalia,Latina,429.jpg
429,429,429,429,vulpes-vulpes,Animalia,Latina,430.jpg
430,430,430,430,delfín,Mamífero,Español,431.jpg
431,431,431,431,wild_cat,Other,English,432.jpg
432,432,432,432,ophiophagus-hannah,Animalia,Latina,433.jpg
433,433,433,433,pagoda,Other,English,434.jpg
434,434,434,434,prime_rib,Dishes,English,435.jpg
435,435,435,435,anchor,Other,English,436.jpg
436,436,436,436,euphonium,Other,English,437.jpg
437,437,437,437,gallus-gallus-domesticus,Animalia,Latina,438.jpg
438,438,438,438,crayfish,Other,English,439.jpg
439,439,439,439,club_sandwich,Dishes,English,440.jpg
440,440,440,440,huevos_rancheros,Dishes,English,441.jpg
441,441,441,441,macropus-giganteus,Animalia,Latina,442.jpg
442,442,442,442,lamp,Other,English,443.jpg
443,443,443,443,chicken_wings,Dishes,English,444.jpg
444,444,444,444,edamame,Dishes,English,445.jpg
445,445,445,445,icterus-gularis,Animalia,Latina,446.jpg
446,446,446,446,ceratitis-capitata,Animalia,Latina,447.jpg
447,447,447,447,water_lilly,Other,English,448.jpg
448,448,448,448,lemur-catta,Animalia,Latina,449.jpg
449,449,449,449,brain,Other,English,450.jpg
450,450,450,450,gnocchi,Dishes,English,451.jpg
451,451,451,451,pavo-cristatus,Animalia,Latina,452.jpg
452,452,452,452,lepus-americanus,Animalia,Latina,453.jpg
453,453,453,453,eudocimus-albus,Animalia,Latina,454.jpg
454,454,454,454,cyanocitta-cristata,Animalia,Latina,455.jpg
455,455,455,455,pancakes,Dishes,English,456.jpg
456,456,456,456,wild_cat,Other,English,457.jpg
457,457,457,457,enhydra-lutris,Animalia,Latina,458.jpg
458,458,458,458,ovis-canadensis,Animalia,Latina,459.jpg
459,459,459,459,umbrella,Other,English,460.jpg
460,460,460,460,cup_cakes,Dishes,English,461.jpg
461,461,461,461,beignets,Dishes,English,462.jpg
462,462,462,462,diplodocus,Animalia,Latina,463.jpg
463,463,463,463,crab_cakes,Dishes,English,464.jpg
464,464,464,464,inia-geoffrensis,Animalia,Latina,465.jpg
465,465,465,465,chandelier,Other,English,466.jpg
466,466,466,466,ara-macao,Animalia,Latina,467.jpg
467,467,467,467,haliaeetus-leucocephalus,Animalia,Latina,468.jpg
468,468,468,468,platypus,Other,English,469.jpg
469,469,469,469,chocolate_mousse,Dishes,English,470.jpg
470,470,470,470,gorilla-gorilla,Animalia,Latina,471.jpg
471,471,471,471,spheniscus-demersus,Animalia,Latina,472.jpg
472,472,472,472,giraffa-camelopardalis,Animalia,Latina,473.jpg
473,473,473,473,architeuthis-dux,Animalia,Latina,474.jpg
474,474,474,474,cup_cakes,Dishes,English,475.jpg
475,475,475,475,stegosaurus-stenops,Animalia,Latina,476.jpg
476,476,476,476,pteranodon-longiceps,Animalia,Latina,477.jpg
477,477,477,477,danaus-plexippus,Animalia,Latina,478.jpg
478,478,478,478,pterois-mombasae,Animalia,Latina,479.jpg
479,479,479,479,sciurus-carolinensis,Animalia,Latina,480.jpg
480,480,480,480,nachos,Dishes,English,481.jpg
481,481,481,481,frozen_yogurt,Dishes,English,482.jpg
482,482,482,482,hippopotamus-amphibius,Animalia,Latina,483.jpg
483,483,483,483,alces-alces,Animalia,Latina,484.jpg
484,484,484,484,chrysemys-picta,Animalia,Latina,485.jpg
485,485,485,485,crab_cakes,Dishes,English,486.jpg
486,486,486,486,salmo-salar,Animalia,Latina,487.jpg
487,487,487,487,paella,Dishes,English,488.jpg
488,488,488,488,panthera-onca,Animalia,Latina,489.jpg
489,489,489,489,french_fries,Dishes,English,490.jpg
490,490,490,490,garlic_bread,Dishes,English,491.jpg
491,491,491,491,gramophone,Other,English,492.jpg
492,492,492,492,crotophaga-sulcirostris,Animalia,Latina,493.jpg
493,493,493,493,gerenuk,Other,English,494.jpg
494,494,494,494,Faces,Faces,English,495.jpg
495,495,495,495,icterus-galbula,Animalia,Latina,496.jpg
496,496,496,496,struthio-camelus,Animalia,Latina,497.jpg
497,497,497,497,bos-gaurus,Animalia,Latina,498.jpg
498,498,498,498,cellphone,Other,English,499.jpg
499,499,499,499,bradypus-variegatus,Animalia,Latina,500.jpg
500,500,500,500,gyoza,Dishes,English,501.jpg
501,501,501,501,melanerpes-carolinus,Animalia,Latina,502.jpg
502,502,502,502,mandolin,Other,English,503.jpg
503,503,503,503,phoenicopterus-ruber,Animalia,Latina,504.jpg
504,504,504,504,minaret,Other,English,505.jpg
505,505,505,505,rhino,Other,English,506.jpg
506,506,506,506,seaweed_salad,Dishes,English,507.jpg
507,507,507,507,bos-gaurus,Animalia,Latina,508.jpg
508,508,508,508,icterus-gularis,Animalia,Latina,509.jpg
509,509,509,509,mellisuga-helenae,Animalia,Latina,510.jpg
510,510,510,510,frozen_yogurt,Dishes,English,511.jpg
511,511,511,511,cougar,Cat,English,512.jpg
512,512,512,512,barrel,Other,English,513.jpg
513,513,513,513,ceratitis-capitata,Animalia,Latina,514.jpg
514,514,514,514,french_onion_soup,Dishes,English,515.jpg
515,515,515,515,soccer_ball,Other,English,516.jpg
516,516,516,516,fish_and_chips,Dishes,English,517.jpg
517,517,517,517,panthera-leo,Animalia,Latina,518.jpg
518,518,518,518,lobster,Other,English,519.jpg
519,519,519,519,panthera-tigris,Animalia,Latina,520.jpg
520,520,520,520,acinonyx-jubatus,Animalia,Latina,521.jpg
521,521,521,521,cocodrilo,Anfibio,Español,522.jpg
522,522,522,522,bruschetta,Dishes,English,523.jpg
523,523,523,523,kangaroo,Other,English,524.jpg
524,524,524,524,creme_brulee,Dishes,English,525.jpg
525,525,525,525,bass,Other,English,526.jpg
526,526,526,526,bruschetta,Dishes,English,527.jpg
527,527,527,527,ophiophagus-hannah,Animalia,Latina,528.jpg
528,528,528,528,hamburger,Dishes,English,529.jpg
529,529,529,529,chocolate_cake,Dishes,English,530.jpg
530,530,530,530,lobster_bisque,Dishes,English,531.jpg
531,531,531,531,physalia-physalis,Animalia,Latina,532.jpg
532,532,532,532,scissors,Other,English,533.jpg
533,533,533,533,aethia-cristatella,Animalia,Latina,534.jpg
534,534,534,534,snoopy,Other,English,535.jpg
535,535,535,535,revolver,Other,English,536.jpg
536,536,536,536,fried_rice,Dishes,English,537.jpg
537,537,537,537,panda,Other,English,538.jpg
538,538,538,538,colaptes-auratus,Animalia,Latina,539.jpg
539,539,539,539,enteroctopus-dofleini,Animalia,Latina,540.jpg
540,540,540,540,ursus-maritimus,Animalia,Latina,541.jpg
541,541,541,541,water_lilly,Other,English,542.jpg
542,542,542,542,heloderma-suspectum,Animalia,Latina,543.jpg
543,543,543,543,passerina-ciris,Animalia,Latina,544.jpg
544,544,544,544,dugong-dugon,Animalia,Latina,545.jpg
545,545,545,545,turdus-migratorius,Animalia,Latina,546.jpg
546,546,546,546,pteranodon-longiceps,Animalia,Latina,547.jpg
547,547,547,547,mussels,Dishes,English,548.jpg
548,548,548,548,chair,Other,English,549.jpg
549,549,549,549,ramen,Dishes,English,550.jpg
550,550,550,550,ursus-arctos-horribilis,Animalia,Latina,551.jpg
551,551,551,551,stegosaurus,Other,English,552.jpg
552,552,552,552,hawksbill,Other,English,553.jpg
553,553,553,553,donuts,Dishes,English,554.jpg
554,554,554,554,ferry,Other,English,555.jpg
555,555,555,555,iguana-iguana,Animalia,Latina,556.jpg
556,556,556,556,balaenoptera-musculus,Animalia,Latina,557.jpg
557,557,557,557,bibimbap,Dishes,English,558.jpg
558,558,558,558,balaenoptera-musculus,Animalia,Latina,559.jpg
559,559,559,559,pigeon,Other,English,560.jpg
560,560,560,560,tacos,Dishes,English,561.jpg
561,561,561,561,crocodylus-niloticus,Animalia,Latina,562.jpg
562,562,562,562,acinonyx-jubatus,Animalia,Latina,563.jpg
563,563,563,563,samosa,Dishes,English,564.jpg
564,564,564,564,procyon-lotor,Animalia,Latina,565.jpg
565,565,565,565,helicopter,Other,English,566.jpg
566,566,566,566,euphonium,Other,English,567.jpg
567,567,567,567,lobster,Other,English,568.jpg
568,568,568,568,pavo-cristatus,Animalia,Latina,569.jpg
569,569,569,569,formicidae,Animalia,Latina,570.jpg
570,570,570,570,taurotragus-oryx,Animalia,Latina,571.jpg
571,571,571,571,ceratotherium-simum,Animalia,Latina,572.jpg
572,572,572,572,ravioli,Dishes,English,573.jpg
573,573,573,573,acinonyx-jubatus,Animalia,Latina,574.jpg
574,574,574,574,edamame,Dishes,English,575.jpg
575,575,575,575,brontosaurus,Other,English,576.jpg
576,576,576,576,Leopards,Other,English,577.jpg
577,577,577,577,emu,Other,English,578.jpg
578,578,578,578,aethia-cristatella,Animalia,Latina,579.jpg
579,579,579,579,gorilla-gorilla,Animalia,Latina,580.jpg
580,580,580,580,chelonia-mydas,Animalia,Latina,581.jpg
581,581,581,581,club_sandwich,Dishes,English,582.jpg
582,582,582,582,kangaroo,Other,English,583.jpg
583,583,583,583,platypus,Other,English,584.jpg
584,584,584,584,inline_skate,Other,English,585.jpg
585,585,585,585,macarons,Dishes,English,586.jpg
586,586,586,586,cocodrilo,Anfibio,Español,587.jpg
587,587,587,587,formicidae,Animalia,Latina,588.jpg
588,588,588,588,okapia-johnstoni,Animalia,Latina,589.jpg
589,589,589,589,monodon-monoceros,Animalia,Latina,590.jpg
590,590,590,590,dragonfly,Other,English,591.jpg
591,591,591,591,escargots,Dishes,English,592.jpg
592,592,592,592,fried_rice,Dishes,English,593.jpg
593,593,593,593,chicken_curry,Dishes,English,594.jpg
594,594,594,594,spring_rolls,Dishes,English,595.jpg
595,595,595,595,Faces,Other,English,596.jpg
596,596,596,596,aquila-chrysaetos,Animalia,Latina,597.jpg
597,597,597,597,samosa,Dishes,English,598.jpg
598,598,598,598,beef_carpaccio,Dishes,English,599.jpg
599,599,599,599,sashimi,Dishes,English,600.jpg
600,600,600,600,hippopotamus-amphibius,Animalia,Latina,601.jpg
601,601,601,601,flamenco,aves,Español,602.jpg
602,602,602,602,oysters,Dishes,English,603.jpg
603,603,603,603,dumplings,Dishes,English,604.jpg
604,604,604,604,carcharodon-carcharias,Animalia,Latina,605.jpg
605,605,605,605,carrot_cake,Dishes,English,606.jpg
606,606,606,606,french_toast,Dishes,English,607.jpg
607,607,607,607,pteranodon-longiceps,Animalia,Latina,608.jpg
608,608,608,608,physalia-physalis,Animalia,Latina,609.jpg
609,609,609,609,connochaetes-gnou,Animalia,Latina,610.jpg
610,610,610,610,nautilus,Other,English,611.jpg
611,611,611,611,gorilla-gorilla,Animalia,Latina,612.jpg
612,612,612,612,scallops,Dishes,English,613.jpg
613,613,613,613,coelacanthiformes,Animalia,Latina,614.jpg
614,614,614,614,umbrella,Other,English,615.jpg
615,615,615,615,joshua_tree,Other,English,616.jpg
616,616,616,616,panthera-pardus,Animalia,Latina,617.jpg
617,617,617,617,crotophaga-sulcirostris,Animalia,Latina,618.jpg
618,618,618,618,agkistrodon-contortrix,Animalia,Latina,619.jpg
619,619,619,619,alces-alces,Animalia,Latina,620.jpg
620,620,620,620,clam_chowder,Dishes,English,621.jpg
621,621,621,621,pigeon,Other,English,622.jpg
622,622,622,622,shrimp_and_grits,Dishes,English,623.jpg
623,623,623,623,pongo-abelii,Animalia,Latina,624.jpg
624,624,624,624,smilodon-populator,Animalia,Latina,625.jpg
625,625,625,625,danaus-plexippus,Animalia,Latina,626.jpg
626,626,626,626,starfish,Other,English,627.jpg
627,627,627,627,geococcyx-californianus,Animalia,Latina,628.jpg
628,628,628,628,brontosaurus,Other,English,629.jpg
629,629,629,629,bibimbap,Dishes,English,630.jpg
630,630,630,630,kangaroo,Other,English,631.jpg
631,631,631,631,crab_cakes,Dishes,English,632.jpg
632,632,632,632,pancakes,Dishes,English,633.jpg
633,633,633,633,baklava,Dishes,English,634.jpg
634,634,634,634,lobster_bisque,Dishes,English,635.jpg
635,635,635,635,paella,Dishes,English,636.jpg
636,636,636,636,beef_carpaccio,Dishes,English,637.jpg
637,637,637,637,crab,Other,English,638.jpg
638,638,638,638,musca-domestica,Animalia,Latina,639.jpg
639,639,639,639,carcharodon-carcharias,Animalia,Latina,640.jpg
640,640,640,640,chocolate_cake,Dishes,English,641.jpg
641,641,641,641,metronome,Other,English,642.jpg
642,642,642,642,emu,Other,English,643.jpg
643,643,643,643,sciurus-carolinensis,Animalia,Latina,644.jpg
644,644,644,644,gyoza,Dishes,English,645.jpg
645,645,645,645,malayopython-reticulatus,Animalia,Latina,646.jpg
646,646,646,646,chelonia-mydas,Animalia,Latina,647.jpg
647,647,647,647,physeter-macrocephalus,Animalia,Latina,648.jpg
648,648,648,648,windsor_chair,Other,English,649.jpg
649,649,649,649,vulpes-vulpes,Animalia,Latina,650.jpg
650,650,650,650,risotto,Dishes,English,651.jpg
651,651,651,651,omelette,Dishes,English,652.jpg
652,652,652,652,smilodon-populator,Animalia,Latina,653.jpg
653,653,653,653,flamenco,aves,Español,654.jpg
654,654,654,654,llama,Other,English,655.jpg
655,655,655,655,hot_dog,Dishes,English,656.jpg
656,656,656,656,grand_piano,Other,English,657.jpg
657,657,657,657,tuna_tartare,Dishes,English,658.jpg
658,658,658,658,dasypus-novemcinctus,Animalia,Latina,659.jpg
659,659,659,659,tyrannus-tyrannus,Animalia,Latina,660.jpg
660,660,660,660,platypus,Other,English,661.jpg
661,661,661,661,vultur-gryphus,Animalia,Latina,662.jpg
662,662,662,662,macropus-giganteus,Animalia,Latina,663.jpg
663,663,663,663,dasypus-novemcinctus,Animalia,Latina,664.jpg
664,664,664,664,wrench,Other,English,665.jpg
665,665,665,665,apis-mellifera,Animalia,Latina,666.jpg
666,666,666,666,foie_gras,Dishes,English,667.jpg
667,667,667,667,caprese_salad,Dishes,English,668.jpg
668,668,668,668,caesar_salad,Dishes,English,669.jpg
669,669,669,669,rattus-rattus,Animalia,Latina,670.jpg
670,670,670,670,gavialis-gangeticus,Animalia,Latina,671.jpg
671,671,671,671,spaghetti_bolognese,Dishes,English,672.jpg
672,672,672,672,spaghetti_carbonara,Dishes,English,673.jpg
673,673,673,673,periplaneta-americana,Animalia,Latina,674.jpg
674,674,674,674,alces-alces,Animalia,Latina,675.jpg
675,675,675,675,centruroides-vittatus,Animalia,Latina,676.jpg
676,676,676,676,escargots,Dishes,English,677.jpg
677,677,677,677,breakfast_burrito,Dishes,English,678.jpg
678,678,678,678,delphinapterus-leucas,Animalia,Latina,679.jpg
679,679,679,679,car_side,Other,English,680.jpg
680,680,680,680,mussels,Dishes,English,681.jpg
681,681,681,681,bison-bison,Animalia,Latina,682.jpg
682,682,682,682,seaweed_salad,Dishes,English,683.jpg
683,683,683,683,pulled_pork_sandwich,Dishes,English,684.jpg
684,684,684,684,vultur-gryphus,Animalia,Latina,685.jpg
685,685,685,685,ovis-canadensis,Animalia,Latina,686.jpg
686,686,686,686,cougar,Cat,English,687.jpg
687,687,687,687,edamame,Dishes,English,688.jpg
688,688,688,688,lotus,Other,English,689.jpg
689,689,689,689,strawberry,Other,English,690.jpg
690,690,690,690,lampropeltis-triangulum,Animalia,Latina,691.jpg
691,691,691,691,airplanes,Other,English,692.jpg
692,692,692,692,BACKGROUND_Google,Other,English,693.jpg
693,693,693,693,diplodocus,Animalia,Latina,694.jpg
694,694,694,694,mayfly,Other,English,695.jpg
695,695,695,695,ailuropoda-melanoleuca,Animalia,Latina,696.jpg
696,696,696,696,taurotragus-oryx,Animalia,Latina,697.jpg
697,697,697,697,grand_piano,Other,English,698.jpg
698,698,698,698,sashimi,Dishes,English,699.jpg
699,699,699,699,chicken_quesadilla,Dishes,English,700.jpg
700,700,700,700,trilobita,Animalia,Latina,701.jpg
701,701,701,701,papilio-glaucus,Animalia,Latina,702.jpg
702,702,702,702,icterus-galbula,Animalia,Latina,703.jpg
703,703,703,703,lampropeltis-triangulum,Animalia,Latina,704.jpg
704,704,704,704,lepus-americanus,Animalia,Latina,705.jpg
705,705,705,705,equus-caballus,Animalia,Latina,706.jpg
706,706,706,706,tyrannosaurus-rex,Animalia,Latina,707.jpg
707,707,707,707,cocodrilo,Anfibio,Español,708.jpg
708,708,708,708,loxodonta-africana,Animalia,Latina,709.jpg
709,709,709,709,soccer_ball,Other,English,710.jpg
710,710,710,710,cougar,Cat,English,711.jpg
711,711,711,711,apis-mellifera,Animalia,Latina,712.jpg
712,712,712,712,dollar_bill,Other,English,713.jpg
713,713,713,713,headphone,Other,English,714.jpg
714,714,714,714,nautilus,Other,English,715.jpg
715,715,715,715,pterois-mombasae,Animalia,Latina,716.jpg
716,716,716,716,chicken_wings,Dishes,English,717.jpg
717,717,717,717,prime_rib,Dishes,English,718.jpg
718,718,718,718,dermochelys-coriacea,Animalia,Latina,719.jpg
719,719,719,719,filet_mignon,Dishes,English,720.jpg
720,720,720,720,saxophone,Other,English,721.jpg
721,721,721,721,ankylosaurus-magniventris,Animalia,Latina,722.jpg
722,722,722,722,panda,Other,English,723.jpg
723,723,723,723,wheelchair,Other,English,724.jpg
724,724,724,724,Faces,Other,English,725.jpg
725,725,725,725,ophiophagus-hannah,Animalia,Latina,726.jpg
726,726,726,726,cardinalis-cardinalis,Animalia,Latina,727.jpg
727,727,727,727,airplanes,Other,English,728.jpg
728,728,728,728,centruroides-vittatus,Animalia,Latina,729.jpg
729,729,729,729,varanus-komodoensis,Animalia,Latina,730.jpg
730,730,730,730,cellphone,Other,English,731.jpg
731,731,731,731,gyoza,Dishes,English,732.jpg
732,732,732,732,garfield,Other,English,733.jpg
733,733,733,733,mandolin,Other,English,734.jpg
734,734,734,734,falafel,Dishes,English,735.jpg
735,735,735,735,hot_dog,Dishes,English,736.jpg
736,736,736,736,hummus,Dishes,English,737.jpg
737,737,737,737,ornithorhynchus-anatinus,Animalia,Latina,738.jpg
738,738,738,738,bass,Other,English,739.jpg
739,739,739,739,butterfly,Other,English,740.jpg
740,740,740,740,carrot_cake,Dishes,English,741.jpg
741,741,741,741,connochaetes-gnou,Animalia,Latina,742.jpg
742,742,742,742,heloderma-suspectum,Animalia,Latina,743.jpg
743,743,743,743,tarsius-pumilus,Animalia,Latina,744.jpg
744,744,744,744,ailuropoda-melanoleuca,Animalia,Latina,745.jpg
745,745,745,745,french_toast,Dishes,English,746.jpg
746,746,746,746,panthera-pardus,Animalia,Latina,747.jpg
747,747,747,747,anas-platyrhynchos,Animalia,Latina,748.jpg
748,748,748,748,chocolate_cake,Dishes,English,749.jpg
749,749,749,749,aptenodytes-forsteri,Animalia,Latina,750.jpg
750,750,750,750,thryothorus-ludovicianus,Animalia,Latina,751.jpg
751,751,751,751,ara-macao,Animalia,Latina,752.jpg
752,752,752,752,omelette,Dishes,English,753.jpg
753,753,753,753,lemur-catta,Animalia,Latina,754.jpg
754,754,754,754,beaver,Other,English,755.jpg
755,755,755,755,ankylosaurus-magniventris,Animalia,Latina,756.jpg
756,756,756,756,crab_cakes,Dishes,English,757.jpg
757,757,757,757,ketch,Other,English,758.jpg
758,758,758,758,crotophaga-sulcirostris,Animalia,Latina,759.jpg
759,759,759,759,crocodylus-niloticus,Animalia,Latina,760.jpg
760,760,760,760,hydrurga-leptonyx,Animalia,Latina,761.jpg
761,761,761,761,chelonia-mydas,Animalia,Latina,762.jpg
762,762,762,762,Faces,Faces,English,763.jpg
763,763,763,763,donuts,Dishes,English,764.jpg
764,764,764,764,greek_salad,Dishes,English,765.jpg
765,765,765,765,wild_cat,Other,English,766.jpg
766,766,766,766,tursiops-truncatus,Animalia,Latina,767.jpg
767,767,767,767,spheniscus-demersus,Animalia,Latina,768.jpg
768,768,768,768,enteroctopus-dofleini,Animalia,Latina,769.jpg
769,769,769,769,cup,Other,English,770.jpg
770,770,770,770,connochaetes-gnou,Animalia,Latina,771.jpg
771,771,771,771,hamburger,Dishes,English,772.jpg
772,772,772,772,trilobita,Animalia,Latina,773.jpg
773,773,773,773,car_side,Other,English,774.jpg
774,774,774,774,physeter-macrocephalus,Animalia,Latina,775.jpg
775,775,775,775,crotalus-atrox,Animalia,Latina,776.jpg
776,776,776,776,gavialis-gangeticus,Animalia,Latina,777.jpg
777,777,777,777,stop_sign,Other,English,778.jpg
778,778,778,778,ravioli,Dishes,English,779.jpg
779,779,779,779,phyllobates-terribilis,Animalia,Latina,780.jpg
780,780,780,780,haliaeetus-leucocephalus,Animalia,Latina,781.jpg
781,781,781,781,icterus-spurius,Animalia,Latina,782.jpg
782,782,782,782,triceratops-horridus,Animalia,Latina,783.jpg
783,783,783,783,butterfly,Other,English,784.jpg
784,784,784,784,donuts,Dishes,English,785.jpg
785,785,785,785,oysters,Dishes,English,786.jpg
786,786,786,786,poecile-atricapillus,Animalia,Latina,787.jpg
787,787,787,787,brain,Other,English,788.jpg
788,788,788,788,rusa-unicolor,Animalia,Latina,789.jpg
789,789,789,789,hawksbill,Other,English,790.jpg
790,790,790,790,pork_chop,Dishes,English,791.jpg
791,791,791,791,anas-platyrhynchos,Animalia,Latina,792.jpg
792,792,792,792,cardinalis-cardinalis,Animalia,Latina,793.jpg
793,793,793,793,bass,Other,English,794.jpg
794,794,794,794,laptop,Other,English,795.jpg
795,795,795,795,octopus,Other,English,796.jpg
796,796,796,796,betta-splendens,Animalia,Latina,797.jpg
797,797,797,797,brontosaurus,Other,English,798.jpg
798,798,798,798,cheesecake,Dishes,English,799.jpg
799,799,799,799,steak,Dishes,English,800.jpg
800,800,800,800,betta-splendens,Animalia,Latina,801.jpg
801,801,801,801,cyanocitta-cristata,Animalia,Latina,802.jpg
802,802,802,802,ice_cream,Dishes,English,803.jpg
803,803,803,803,ketch,Other,English,804.jpg
804,804,804,804,deviled_eggs,Dishes,English,805.jpg
805,805,805,805,guacamole,Dishes,English,806.jpg
806,806,806,806,grilled_cheese_sandwich,Dishes,English,807.jpg
807,807,807,807,ophiophagus-hannah,Animalia,Latina,808.jpg
808,808,808,808,caesar_salad,Dishes,English,809.jpg
809,809,809,809,canis-lupus-familiaris,Animalia,Latina,810.jpg
810,810,810,810,icterus-spurius,Animalia,Latina,811.jpg
811,811,811,811,mammuthus-primigeniu,Animalia,Latina,812.jpg
812,812,812,812,martes-americana,Animalia,Latina,813.jpg
813,813,813,813,churros,Dishes,English,814.jpg
814,814,814,814,buddha,Other,English,815.jpg
815,815,815,815,agkistrodon-contortrix,Animalia,Latina,816.jpg
816,816,816,816,Faces,Other,English,817.jpg
817,817,817,817,okapi,Other,English,818.jpg
818,818,818,818,phyllobates-terribilis,Animalia,Latina,819.jpg
819,819,819,819,bos-taurus,Animalia,Latina,820.jpg
820,820,820,820,accordion,Other,English,821.jpg
821,821,821,821,dermochelys-coriacea,Animalia,Latina,822.jpg
822,822,822,822,binocular,Other,English,823.jpg
823,823,823,823,enteroctopus-dofleini,Animalia,Latina,824.jpg
824,824,824,824,tarsius-pumilus,Animalia,Latina,825.jpg
825,825,825,825,car_side,Other,English,826.jpg
826,826,826,826,cougar,Cat,English,827.jpg
827,827,827,827,dasypus-novemcinctus,Animalia,Latina,828.jpg
828,828,828,828,takoyaki,Dishes,English,829.jpg
829,829,829,829,triceratops-horridus,Animalia,Latina,830.jpg
830,830,830,830,fried_calamari,Dishes,English,831.jpg
831,831,831,831,enhydra-lutris,Animalia,Latina,832.jpg
832,832,832,832,grilled_cheese_sandwich,Dishes,English,833.jpg
833,833,833,833,eggs_benedict,Dishes,English,834.jpg
834,834,834,834,codium-fragile,Animalia,Latina,835.jpg
835,835,835,835,phyllobates-terribilis,Animalia,Latina,836.jpg
836,836,836,836,cheese_plate,Dishes,English,837.jpg
837,837,837,837,waffles,Dishes,English,838.jpg
838,838,838,838,gramophone,Other,English,839.jpg
839,839,839,839,lasagna,Dishes,English,840.jpg
840,840,840,840,beef_carpaccio,Dishes,English,841.jpg
841,841,841,841,ferry,Other,English,842.jpg
842,842,842,842,seaweed_salad,Dishes,English,843.jpg
843,843,843,843,churros,Dishes,English,844.jpg
844,844,844,844,okapi,Other,English,845.jpg
845,845,845,845,phoebetria-fusca,Animalia,Latina,846.jpg
846,846,846,846,laptop,Other,English,847.jpg
847,847,847,847,crocodylus-niloticus,Animalia,Latina,848.jpg
848,848,848,848,odobenus-rosmarus,Animalia,Latina,849.jpg
849,849,849,849,bos-taurus,Animalia,Latina,850.jpg
850,850,850,850,lepus-americanus,Animalia,Latina,851.jpg
851,851,851,851,hapalochlaena-maculosa,Animalia,Latina,852.jpg
852,852,852,852,lamp,Other,English,853.jpg
853,853,853,853,caprese_salad,Dishes,English,854.jpg
854,854,854,854,puma-concolor,Animalia,Latina,855.jpg
855,855,855,855,varanus-komodoensis,Animalia,Latina,856.jpg
856,856,856,856,lotus,Other,English,857.jpg
857,857,857,857,Faces,Faces,English,858.jpg
858,858,858,858,canis-lupus,Animalia,Latina,859.jpg
859,859,859,859,macarons,Dishes,English,860.jpg
860,860,860,860,dermochelys-coriacea,Animalia,Latina,861.jpg
861,861,861,861,aethia-cristatella,Animalia,Latina,862.jpg
862,862,862,862,llama,Other,English,863.jpg
863,863,863,863,cocodrilo,Anfibio,Español,864.jpg
864,864,864,864,waffles,Dishes,English,865.jpg
865,865,865,865,lasagna,Dishes,English,866.jpg
866,866,866,866,risotto,Dishes,English,867.jpg
867,867,867,867,giraffa-camelopardalis,Animalia,Latina,868.jpg
868,868,868,868,cannoli,Dishes,English,869.jpg
869,869,869,869,sushi,Dishes,English,870.jpg
870,870,870,870,pork_chop,Dishes,English,871.jpg
871,871,871,871,struthio-camelus,Animalia,Latina,872.jpg
872,872,872,872,lemur-catta,Animalia,Latina,873.jpg
873,873,873,873,agalychnis-callidryas,Animalia,Latina,874.jpg
874,874,874,874,waffles,Dishes,English,875.jpg
875,875,875,875,french_onion_soup,Dishes,English,876.jpg
876,876,876,876,strawberry,Other,English,877.jpg
877,877,877,877,binocular,Other,English,878.jpg
878,878,878,878,fish_and_chips,Dishes,English,879.jpg
879,879,879,879,chocolate_mousse,Dishes,English,880.jpg
880,880,880,880,ravioli,Dishes,English,881.jpg
881,881,881,881,beaver,Other,English,882.jpg
882,882,882,882,crocodylus-niloticus,Animalia,Latina,883.jpg
883,883,883,883,okapi,Other,English,884.jpg
884,884,884,884,fried_calamari,Dishes,English,885.jpg
885,885,885,885,Hormiga,Insectos,Español,886.jpg
886,886,886,886,scorpion,Other,English,887.jpg
887,887,887,887,ornithorhynchus-anatinus,Animalia,Latina,888.jpg
888,888,888,888,snoopy,Other,English,889.jpg
889,889,889,889,greek_salad,Dishes,English,890.jpg
890,890,890,890,strawberry_shortcake,Dishes,English,891.jpg
891,891,891,891,bonsai,Other,English,892.jpg
892,892,892,892,ravioli,Dishes,English,893.jpg
893,893,893,893,orcinus-orca,Animalia,Latina,894.jpg
894,894,894,894,laptop,Other,English,895.jpg
895,895,895,895,crotophaga-sulcirostris,Animalia,Latina,896.jpg
896,896,896,896,spring_rolls,Dishes,English,897.jpg
897,897,897,897,chocolate_mousse,Dishes,English,898.jpg
898,898,898,898,periplaneta-americana,Animalia,Latina,899.jpg
899,899,899,899,chandelier,Other,English,900.jpg
900,900,900,900,struthio-camelus,Animalia,Latina,901.jpg
901,901,901,901,gallus-gallus-domesticus,Animalia,Latina,902.jpg
902,902,902,902,macropus-giganteus,Animalia,Latina,903.jpg
903,903,903,903,malayopython-reticulatus,Animalia,Latina,904.jpg
904,904,904,904,spinosaurus-aegyptiacus,Animalia,Latina,905.jpg
905,905,905,905,croque_madame,Dishes,English,906.jpg
906,906,906,906,bradypus-variegatus,Animalia,Latina,907.jpg
907,907,907,907,hummus,Dishes,English,908.jpg
908,908,908,908,dumplings,Dishes,English,909.jpg
909,909,909,909,icterus-spurius,Animalia,Latina,910.jpg
910,910,910,910,ailurus-fulgens,Animalia,Latina,911.jpg
911,911,911,911,mergus-serrator,Animalia,Latina,912.jpg
912,912,912,912,yin_yang,Other,English,913.jpg
913,913,913,913,lasagna,Dishes,English,914.jpg
914,914,914,914,hedgehog,Other,English,915.jpg
915,915,915,915,megaptera-novaeangliae,Animalia,Latina,916.jpg
916,916,916,916,canis-lupus-familiaris,Animalia,Latina,917.jpg
917,917,917,917,phyllobates-terribilis,Animalia,Latina,918.jpg
918,918,918,918,stop_sign,Other,English,919.jpg
919,919,919,919,apple_pie,Dishes,English,920.jpg
920,920,920,920,edamame,Dishes,English,921.jpg
921,921,921,921,kangaroo,Other,English,922.jpg
922,922,922,922,chicken_quesadilla,Dishes,English,923.jpg
923,923,923,923,ferry,Other,English,924.jpg
924,924,924,924,steak,Dishes,English,925.jpg
925,925,925,925,ursus-maritimus,Animalia,Latina,926.jpg
926,926,926,926,stapler,Other,English,927.jpg
927,927,927,927,architeuthis-dux,Animalia,Latina,928.jpg
928,928,928,928,chocolate_mousse,Dishes,English,929.jpg
929,929,929,929,ramen,Dishes,English,930.jpg
930,930,930,930,desmodus-rotundus,Animalia,Latina,931.jpg
931,931,931,931,hot_dog,Dishes,English,932.jpg
932,932,932,932,poutine,Dishes,English,933.jpg
933,933,933,933,hedgehog,Other,English,934.jpg
934,934,934,934,windsor_chair,Other,English,935.jpg
935,935,935,935,pantherophis-alleghaniensis,Animalia,Latina,936.jpg
936,936,936,936,orcinus-orca,Animalia,Latina,937.jpg
937,937,937,937,pagoda,Other,English,938.jpg
938,938,938,938,octopus,Other,English,939.jpg
939,939,939,939,ceviche,Dishes,English,940.jpg
940,940,940,940,desmodus-rotundus,Animalia,Latina,941.jpg
941,941,941,941,heloderma-suspectum,Animalia,Latina,942.jpg
942,942,942,942,beet_salad,Dishes,English,943.jpg
943,943,943,943,dalmatian,Other,English,944.jpg
944,944,944,944,cup,Other,English,945.jpg
945,945,945,945,eidolon-helvum,Animalia,Latina,946.jpg
946,946,946,946,geococcyx-californianus,Animalia,Latina,947.jpg
947,947,947,947,clam_chowder,Dishes,English,948.jpg
948,948,948,948,Hormiga,Insectos,Español,949.jpg
949,949,949,949,falco-peregrinus,Animalia,Latina,950.jpg
950,950,950,950,monodon-monoceros,Animalia,Latina,951.jpg
951,951,951,951,pizza,Dishes,English,952.jpg
952,952,952,952,canis-lupus-familiaris,Animalia,Latina,953.jpg
953,953,953,953,inline_skate,Other,English,954.jpg
954,954,954,954,baklava,Dishes,English,955.jpg
955,955,955,955,tarsius-pumilus,Animalia,Latina,956.jpg
956,956,956,956,hot_and_sour_soup,Dishes,English,957.jpg
957,957,957,957,joshua_tree,Other,English,958.jpg
958,958,958,958,gerenuk,Other,English,959.jpg
959,959,959,959,bradypus-variegatus,Animalia,Latina,960.jpg
960,960,960,960,huevos_rancheros,Dishes,English,961.jpg
961,961,961,961,agalychnis-callidryas,Animalia,Latina,962.jpg
962,962,962,962,rusa-unicolor,Animalia,Latina,963.jpg
963,963,963,963,inia-geoffrensis,Animalia,Latina,964.jpg
964,964,964,964,watch,Other,English,965.jpg
965,965,965,965,miso_soup,Dishes,English,966.jpg
966,966,966,966,pyramid,Other,English,967.jpg
967,967,967,967,frozen_yogurt,Dishes,English,968.jpg
968,968,968,968,thryothorus-ludovicianus,Animalia,Latina,969.jpg
969,969,969,969,ardea-herodias,Animalia,Latina,970.jpg
970,970,970,970,delphinapterus-leucas,Animalia,Latina,971.jpg
971,971,971,971,cannon,Other,English,972.jpg
972,972,972,972,struthio-camelus,Animalia,Latina,973.jpg
973,973,973,973,bos-taurus,Animalia,Latina,974.jpg
974,974,974,974,escargots,Dishes,English,975.jpg
975,975,975,975,samosa,Dishes,English,976.jpg
976,976,976,976,tick,Other,English,977.jpg
977,977,977,977,musca-domestica,Animalia,Latina,978.jpg
978,978,978,978,hamburger,Dishes,English,979.jpg
979,979,979,979,pizza,Dishes,English,980.jpg
980,980,980,980,cheesecake,Dishes,English,981.jpg
981,981,981,981,phascolarctos-cinereus,Animalia,Latina,982.jpg
982,982,982,982,ovis-aries,Animalia,Latina,983.jpg
983,983,983,983,okapi,Other,English,984.jpg
984,984,984,984,crayfish,Other,English,985.jpg
985,985,985,985,crayfish,Other,English,986.jpg
986,986,986,986,saxophone,Other,English,987.jpg
987,987,987,987,dermochelys-coriacea,Animalia,Latina,988.jpg
988,988,988,988,onion_rings,Dishes,English,989.jpg
989,989,989,989,grilled_salmon,Dishes,English,990.jpg
990,990,990,990,brain,Other,English,991.jpg
991,991,991,991,dragonfly,Other,English,992.jpg
992,992,992,992,omelette,Dishes,English,993.jpg
993,993,993,993,deviled_eggs,Dishes,English,994.jpg
994,994,994,994,headphone,Other,English,995.jpg
995,995,995,995,pyramid,Other,English,996.jpg
996,996,996,996,turdus-migratorius,Animalia,Latina,997.jpg
997,997,997,997,iguana-iguana,Animalia,Latina,998.jpg
998,998,998,998,grand_piano,Other,English,999.jpg
999,999,999,999,lampropeltis-triangulum,Animalia,Latina,1000.jpg
1000,1000,1000,1000,poutine,Dishes,English,1001.jpg
1001,1001,1001,1001,cryptoprocta-ferox,Animalia,Latina,1002.jpg
1002,1002,1002,1002,dumplings,Dishes,English,1003.jpg
1003,1003,1003,1003,phoebetria-fusca,Animalia,Latina,1004.jpg
1004,1004,1004,1004,joshua_tree,Other,English,1005.jpg
1005,1005,1005,1005,dendrobatidae,Animalia,Latina,1006.jpg
1006,1006,1006,1006,grilled_cheese_sandwich,Dishes,English,1007.jpg
1007,1007,1007,1007,trilobite,Other,English,1008.jpg
1008,1008,1008,1008,pad_thai,Dishes,English,1009.jpg
1009,1009,1009,1009,panthera-tigris,Animalia,Latina,1010.jpg
1010,1010,1010,1010,pork_chop,Dishes,English,1011.jpg
1011,1011,1011,1011,phoebetria-fusca,Animalia,Latina,1012.jpg
1012,1012,1012,1012,ice_cream,Dishes,English,1013.jpg
1013,1013,1013,1013,cougar,Cat,English,1014.jpg
1014,1014,1014,1014,guacamole,Dishes,English,1015.jpg
1015,1015,1015,1015,telmatobufo-bullocki,Animalia,Latina,1016.jpg
1016,1016,1016,1016,circus-hudsonius,Animalia,Latina,1017.jpg
1017,1017,1017,1017,centruroides-vittatus,Animalia,Latina,1018.jpg
1018,1018,1018,1018,ursus-arctos-horribilis,Animalia,Latina,1019.jpg
1019,1019,1019,1019,sphyrna-mokarran,Animalia,Latina,1020.jpg
1020,1020,1020,1020,scissors,Other,English,1021.jpg
1021,1021,1021,1021,cheese_plate,Dishes,English,1022.jpg
1022,1022,1022,1022,sea_horse,Other,English,1023.jpg
1023,1023,1023,1023,falco-peregrinus,Animalia,Latina,1024.jpg
1024,1024,1024,1024,crab,Other,English,1025.jpg
1025,1025,1025,1025,sea_horse,Other,English,1026.jpg
1026,1026,1026,1026,periplaneta-americana,Animalia,Latina,1027.jpg
1027,1027,1027,1027,brain,Other,English,1028.jpg
1028,1028,1028,1028,sciurus-carolinensis,Animalia,Latina,1029.jpg
1029,1029,1029,1029,scissors,Other,English,1030.jpg
1030,1030,1030,1030,risotto,Dishes,English,1031.jpg
1031,1031,1031,1031,vulpes-vulpes,Animalia,Latina,1032.jpg
1032,1032,1032,1032,pongo-abelii,Animalia,Latina,1033.jpg
1033,1033,1033,1033,musca-domestica,Animalia,Latina,1034.jpg
1034,1034,1034,1034,stegosaurus,Other,English,1035.jpg
1035,1035,1035,1035,cellphone,Other,English,1036.jpg
1036,1036,1036,1036,felis-catus,Animalia,Latina,1037.jpg
1037,1037,1037,1037,carrot_cake,Dishes,English,1038.jpg
1038,1038,1038,1038,mayfly,Other,English,1039.jpg
1039,1039,1039,1039,prime_rib,Dishes,English,1040.jpg
1040,1040,1040,1040,cougar,Cat,English,1041.jpg
1041,1041,1041,1041,gramophone,Other,English,1042.jpg
1042,1042,1042,1042,miso_soup,Dishes,English,1043.jpg
1043,1043,1043,1043,mammuthus-primigeniu,Animalia,Latina,1044.jpg
1044,1044,1044,1044,garfield,Other,English,1045.jpg
1045,1045,1045,1045,cocodrilo,Anfibio,Español,1046.jpg
1046,1046,1046,1046,spinosaurus-aegyptiacus,Animalia,Latina,1047.jpg
1047,1047,1047,1047,bread_pudding,Dishes,English,1048.jpg
1048,1048,1048,1048,pantherophis-guttatus,Animalia,Latina,1049.jpg
1049,1049,1049,1049,thryothorus-ludovicianus,Animalia,Latina,1050.jpg
1050,1050,1050,1050,homo-sapiens,Animalia,Latina,1051.jpg
1051,1051,1051,1051,bibimbap,Dishes,English,1052.jpg
1052,1052,1052,1052,churros,Dishes,English,1053.jpg
1053,1053,1053,1053,cryptoprocta-ferox,Animalia,Latina,1054.jpg
1054,1054,1054,1054,chicken_quesadilla,Dishes,English,1055.jpg
1055,1055,1055,1055,starfish,Other,English,1056.jpg
1056,1056,1056,1056,mandolin,Other,English,1057.jpg
1057,1057,1057,1057,nautilus,Other,English,1058.jpg
1058,1058,1058,1058,cathartes-aura,Animalia,Latina,1059.jpg
1059,1059,1059,1059,melanerpes-carolinus,Animalia,Latina,1060.jpg
1060,1060,1060,1060,lamp,Other,English,1061.jpg
1061,1061,1061,1061,beet_salad,Dishes,English,1062.jpg
1062,1062,1062,1062,airplanes,Other,English,1063.jpg
1063,1063,1063,1063,mergus-serrator,Animalia,Latina,1064.jpg
1064,1064,1064,1064,waffles,Dishes,English,1065.jpg
1065,1065,1065,1065,metronome,Other,English,1066.jpg
1066,1066,1066,1066,miso_soup,Dishes,English,1067.jpg
1067,1067,1067,1067,butterfly,Other,English,1068.jpg
1068,1068,1068,1068,inline_skate,Other,English,1069.jpg
1069,1069,1069,1069,barrel,Other,English,1070.jpg
1070,1070,1070,1070,panthera-leo,Animalia,Latina,1071.jpg
1071,1071,1071,1071,garfield,Other,English,1072.jpg
1072,1072,1072,1072,cheese_plate,Dishes,English,1073.jpg
1073,1073,1073,1073,churros,Dishes,English,1074.jpg
1074,1074,1074,1074,eidolon-helvum,Animalia,Latina,1075.jpg
1075,1075,1075,1075,hapalochlaena-maculosa,Animalia,Latina,1076.jpg
1076,1076,1076,1076,heterocera,Animalia,Latina,1077.jpg
1077,1077,1077,1077,flamenco,aves,Español,1078.jpg
1078,1078,1078,1078,pantherophis-guttatus,Animalia,Latina,1079.jpg
1079,1079,1079,1079,physalia-physalis,Animalia,Latina,1080.jpg
1080,1080,1080,1080,strawberry,Other,English,1081.jpg
1081,1081,1081,1081,camera,Other,English,1082.jpg
1082,1082,1082,1082,mandolin,Other,English,1083.jpg
1083,1083,1083,1083,umbrella,Other,English,1084.jpg
1084,1084,1084,1084,electric_guitar,Other,English,1085.jpg
1085,1085,1085,1085,sphyrna-mokarran,Animalia,Latina,1086.jpg
1086,1086,1086,1086,felis-catus,Animalia,Latina,1087.jpg
1087,1087,1087,1087,dumplings,Dishes,English,1088.jpg
1088,1088,1088,1088,flamenco,aves,Español,1089.jpg
1089,1089,1089,1089,beignets,Dishes,English,1090.jpg
1090,1090,1090,1090,musca-domestica,Animalia,Latina,1091.jpg
1091,1091,1091,1091,ursus-arctos-horribilis,Animalia,Latina,1092.jpg
1092,1092,1092,1092,architeuthis-dux,Animalia,Latina,1093.jpg
1093,1093,1093,1093,mimus-polyglottos,Animalia,Latina,1094.jpg
1094,1094,1094,1094,branta-canadensis,Animalia,Latina,1095.jpg
1095,1095,1095,1095,beef_tartare,Dishes,English,1096.jpg
1096,1096,1096,1096,escargots,Dishes,English,1097.jpg
1097,1097,1097,1097,filet_mignon,Dishes,English,1098.jpg
1098,1098,1098,1098,crab,Other,English,1099.jpg
1099,1099,1099,1099,panthera-leo,Animalia,Latina,1100.jpg
1100,1100,1100,1100,procyon-lotor,Animalia,Latina,1101.jpg
1101,1101,1101,1101,ailurus-fulgens,Animalia,Latina,1102.jpg
1102,1102,1102,1102,tursiops-truncatus,Animalia,Latina,1103.jpg
1103,1103,1103,1103,canis-lupus,Animalia,Latina,1104.jpg
1104,1104,1104,1104,saxophone,Other,English,1105.jpg
1105,1105,1105,1105,icterus-galbula,Animalia,Latina,1106.jpg
1106,1106,1106,1106,tyrannosaurus-rex,Animalia,Latina,1107.jpg
1107,1107,1107,1107,rhino,Other,English,1108.jpg
1108,1108,1108,1108,architeuthis-dux,Animalia,Latina,1109.jpg
1109,1109,1109,1109,llama,Other,English,1110.jpg
1110,1110,1110,1110,aquila-chrysaetos,Animalia,Latina,1111.jpg
1111,1111,1111,1111,fish_and_chips,Dishes,English,1112.jpg
1112,1112,1112,1112,spheniscus-demersus,Animalia,Latina,1113.jpg
1113,1113,1113,1113,gerenuk,Other,English,1114.jpg
1114,1114,1114,1114,strawberry_shortcake,Dishes,English,1115.jpg
1115,1115,1115,1115,dalmatian,Other,English,1116.jpg
1116,1116,1116,1116,ceiling_fan,Other,English,1117.jpg
1117,1117,1117,1117,tuna_tartare,Dishes,English,1118.jpg
1118,1118,1118,1118,bonsai,Other,English,1119.jpg
1119,1119,1119,1119,helicopter,Other,English,1120.jpg
1120,1120,1120,1120,beaver,Other,English,1121.jpg
1121,1121,1121,1121,steak,Dishes,English,1122.jpg
1122,1122,1122,1122,pulled_pork_sandwich,Dishes,English,1123.jpg
1123,1123,1123,1123,shrimp_and_grits,Dishes,English,1124.jpg
1124,1124,1124,1124,ceviche,Dishes,English,1125.jpg
1125,1125,1125,1125,physeter-macrocephalus,Animalia,Latina,1126.jpg
1126,1126,1126,1126,tuna_tartare,Dishes,English,1127.jpg
1127,1127,1127,1127,chelonia-mydas,Animalia,Latina,1128.jpg
1128,1128,1128,1128,centrochelys-sulcata,Animalia,Latina,1129.jpg
1129,1129,1129,1129,panthera-onca,Animalia,Latina,1130.jpg
1130,1130,1130,1130,ceratotherium-simum,Animalia,Latina,1131.jpg
1131,1131,1131,1131,lobster_bisque,Dishes,English,1132.jpg
1132,1132,1132,1132,dendrobatidae,Animalia,Latina,1133.jpg
1133,1133,1133,1133,dendrobatidae,Animalia,Latina,1134.jpg
1134,1134,1134,1134,guacamole,Dishes,English,1135.jpg
1135,1135,1135,1135,tiramisu,Dishes,English,1136.jpg
1136,1136,1136,1136,hydrurga-leptonyx,Animalia,Latina,1137.jpg
1137,1137,1137,1137,deviled_eggs,Dishes,English,1138.jpg
1138,1138,1138,1138,mammuthus-primigeniu,Animalia,Latina,1139.jpg
1139,1139,1139,1139,menorah,Other,English,1140.jpg
1140,1140,1140,1140,gerenuk,Other,English,1141.jpg
1141,1141,1141,1141,puma-concolor,Animalia,Latina,1142.jpg
1142,1142,1142,1142,pagoda,Other,English,1143.jpg
1143,1143,1143,1143,snoopy,Other,English,1144.jpg
1144,1144,1144,1144,french_onion_soup,Dishes,English,1145.jpg
1145,1145,1145,1145,filet_mignon,Dishes,English,1146.jpg
1146,1146,1146,1146,windsor_chair,Other,English,1147.jpg
1147,1147,1147,1147,cheese_plate,Dishes,English,1148.jpg
1148,1148,1148,1148,helicopter,Other,English,1149.jpg
1149,1149,1149,1149,lemur-catta,Animalia,Latina,1150.jpg
1150,1150,1150,1150,stapler,Other,English,1151.jpg
1151,1151,1151,1151,ornithorhynchus-anatinus,Animalia,Latina,1152.jpg
1152,1152,1152,1152,diplodocus,Animalia,Latina,1153.jpg
1153,1153,1153,1153,pho,Dishes,English,1154.jpg
1154,1154,1154,1154,physalia-physalis,Animalia,Latina,1155.jpg
1155,1155,1155,1155,alces-alces,Animalia,Latina,1156.jpg
1156,1156,1156,1156,crotalus-atrox,Animalia,Latina,1157.jpg
1157,1157,1157,1157,schooner,Other,English,1158.jpg
1158,1158,1158,1158,croque_madame,Dishes,English,1159.jpg
1159,1159,1159,1159,coelacanthiformes,Animalia,Latina,1160.jpg
1160,1160,1160,1160,orcinus-orca,Animalia,Latina,1161.jpg
1161,1161,1161,1161,frozen_yogurt,Dishes,English,1162.jpg
1162,1162,1162,1162,miso_soup,Dishes,English,1163.jpg
1163,1163,1163,1163,trilobita,Animalia,Latina,1164.jpg
1164,1164,1164,1164,sea_horse,Other,English,1165.jpg
1165,1165,1165,1165,revolver,Other,English,1166.jpg
1166,1166,1166,1166,colaptes-auratus,Animalia,Latina,1167.jpg
1167,1167,1167,1167,yin_yang,Other,English,1168.jpg
1168,1168,1168,1168,nachos,Dishes,English,1169.jpg
1169,1169,1169,1169,rusa-unicolor,Animalia,Latina,1170.jpg
1170,1170,1170,1170,ceiling_fan,Other,English,1171.jpg
1171,1171,1171,1171,pyramid,Other,English,1172.jpg
1172,1172,1172,1172,wheelchair,Other,English,1173.jpg
1173,1173,1173,1173,geococcyx-californianus,Animalia,Latina,1174.jpg
1174,1174,1174,1174,acinonyx-jubatus,Animalia,Latina,1175.jpg
1175,1175,1175,1175,peking_duck,Dishes,English,1176.jpg
1176,1176,1176,1176,icterus-spurius,Animalia,Latina,1177.jpg
1177,1177,1177,1177,pagoda,Other,English,1178.jpg
1178,1178,1178,1178,rooster,Other,English,1179.jpg
1179,1179,1179,1179,odobenus-rosmarus,Animalia,Latina,1180.jpg
1180,1180,1180,1180,tuna_tartare,Dishes,English,1181.jpg
1181,1181,1181,1181,chicken_curry,Dishes,English,1182.jpg
1182,1182,1182,1182,pizza,Dishes,English,1183.jpg
1183,1183,1183,1183,iguana-iguana,Animalia,Latina,1184.jpg
1184,1184,1184,1184,strawberry_shortcake,Dishes,English,1185.jpg
1185,1185,1185,1185,lobster_roll_sandwich,Dishes,English,1186.jpg
1186,1186,1186,1186,takoyaki,Dishes,English,1187.jpg
1187,1187,1187,1187,foie_gras,Dishes,English,1188.jpg
1188,1188,1188,1188,centruroides-vittatus,Animalia,Latina,1189.jpg
1189,1189,1189,1189,BACKGROUND_Google,Other,English,1190.jpg
1190,1190,1190,1190,donuts,Dishes,English,1191.jpg
1191,1191,1191,1191,papilio-glaucus,Animalia,Latina,1192.jpg
1192,1192,1192,1192,headphone,Other,English,1193.jpg
1193,1193,1193,1193,camera,Other,English,1194.jpg
1194,1194,1194,1194,snoopy,Other,English,1195.jpg
1195,1195,1195,1195,cannoli,Dishes,English,1196.jpg
1196,1196,1196,1196,tick,Other,English,1197.jpg
1197,1197,1197,1197,steak,Dishes,English,1198.jpg
1198,1198,1198,1198,falafel,Dishes,English,1199.jpg
1199,1199,1199,1199,melanerpes-carolinus,Animalia,Latina,1200.jpg
1200,1200,1200,1200,club_sandwich,Dishes,English,1201.jpg
1201,1201,1201,1201,dalmatian,Other,English,1202.jpg
1202,1202,1202,1202,falafel,Dishes,English,1203.jpg
1203,1203,1203,1203,Leopards,Other,English,1204.jpg
1204,1204,1204,1204,mayfly,Other,English,1205.jpg
1205,1205,1205,1205,baby_back_ribs,Dishes,English,1206.jpg
1206,1206,1206,1206,delphinapterus-leucas,Animalia,Latina,1207.jpg
1207,1207,1207,1207,felis-catus,Animalia,Latina,1208.jpg
1208,1208,1208,1208,fried_rice,Dishes,English,1209.jpg
1209,1209,1209,1209,iguanodon-bernissartensis,Animalia,Latina,1210.jpg
1210,1210,1210,1210,clam_chowder,Dishes,English,1211.jpg
1211,1211,1211,1211,onion_rings,Dishes,English,1212.jpg
1212,1212,1212,1212,rooster,Other,English,1213.jpg
1213,1213,1213,1213,agkistrodon-contortrix,Animalia,Latina,1214.jpg
1214,1214,1214,1214,inia-geoffrensis,Animalia,Latina,1215.jpg
1215,1215,1215,1215,aethia-cristatella,Animalia,Latina,1216.jpg
1216,1216,1216,1216,ovis-aries,Animalia,Latina,1217.jpg
1217,1217,1217,1217,headphone,Other,English,1218.jpg
1218,1218,1218,1218,revolver,Other,English,1219.jpg
1219,1219,1219,1219,tarsius-pumilus,Animalia,Latina,1220.jpg
1220,1220,1220,1220,gavialis-gangeticus,Animalia,Latina,1221.jpg
1221,1221,1221,1221,electric_guitar,Other,English,1222.jpg
1222,1222,1222,1222,inia-geoffrensis,Animalia,Latina,1223.jpg
1223,1223,1223,1223,ewer,Other,English,1224.jpg
1224,1224,1224,1224,ovis-canadensis,Animalia,Latina,1225.jpg
1225,1225,1225,1225,crotalus-atrox,Animalia,Latina,1226.jpg
1226,1226,1226,1226,aptenodytes-forsteri,Animalia,Latina,1227.jpg
1227,1227,1227,1227,macaroni_and_cheese,Dishes,English,1228.jpg
1228,1228,1228,1228,phascolarctos-cinereus,Animalia,Latina,1229.jpg
1229,1229,1229,1229,hummus,Dishes,English,1230.jpg
1230,1230,1230,1230,poecile-atricapillus,Animalia,Latina,1231.jpg
1231,1231,1231,1231,hawksbill,Other,English,1232.jpg
1232,1232,1232,1232,spaghetti_bolognese,Dishes,English,1233.jpg
1233,1233,1233,1233,oysters,Dishes,English,1234.jpg
1234,1234,1234,1234,foie_gras,Dishes,English,1235.jpg
1235,1235,1235,1235,metronome,Other,English,1236.jpg
1236,1236,1236,1236,megaptera-novaeangliae,Animalia,Latina,1237.jpg
1237,1237,1237,1237,scorpion,Other,English,1238.jpg
1238,1238,1238,1238,diplodocus,Animalia,Latina,1239.jpg
1239,1239,1239,1239,pterois-mombasae,Animalia,Latina,1240.jpg
1240,1240,1240,1240,garlic_bread,Dishes,English,1241.jpg
1241,1241,1241,1241,red_velvet_cake,Dishes,English,1242.jpg
1242,1242,1242,1242,filet_mignon,Dishes,English,1243.jpg
1243,1243,1243,1243,paella,Dishes,English,1244.jpg
1244,1244,1244,1244,papilio-glaucus,Animalia,Latina,1245.jpg
1245,1245,1245,1245,baby_back_ribs,Dishes,English,1246.jpg
1246,1246,1246,1246,hapalochlaena-maculosa,Animalia,Latina,1247.jpg
1247,1247,1247,1247,ramen,Dishes,English,1248.jpg
1248,1248,1248,1248,aptenodytes-forsteri,Animalia,Latina,1249.jpg
1249,1249,1249,1249,physeter-macrocephalus,Animalia,Latina,1250.jpg
1250,1250,1250,1250,ailuropoda-melanoleuca,Animalia,Latina,1251.jpg
1251,1251,1251,1251,bruschetta,Dishes,English,1252.jpg
1252,1252,1252,1252,soccer_ball,Other,English,1253.jpg
1253,1253,1253,1253,grand_piano,Other,English,1254.jpg
1254,1254,1254,1254,brontosaurus,Other,English,1255.jpg
1255,1255,1255,1255,vultur-gryphus,Animalia,Latina,1256.jpg
1256,1256,1256,1256,phoenicopterus-ruber,Animalia,Latina,1257.jpg
1257,1257,1257,1257,procyon-lotor,Animalia,Latina,1258.jpg
1258,1258,1258,1258,bread_pudding,Dishes,English,1259.jpg
1259,1259,1259,1259,ardea-herodias,Animalia,Latina,1260.jpg
1260,1260,1260,1260,giraffa-camelopardalis,Animalia,Latina,1261.jpg
1261,1261,1261,1261,phascolarctos-cinereus,Animalia,Latina,1262.jpg
1262,1262,1262,1262,mimus-polyglottos,Animalia,Latina,1263.jpg
1263,1263,1263,1263,hawksbill,Other,English,1264.jpg
1264,1264,1264,1264,pantherophis-guttatus,Animalia,Latina,1265.jpg
1265,1265,1265,1265,Elefante,Mamífero,Español,1266.jpg
1266,1266,1266,1266,okapia-johnstoni,Animalia,Latina,1267.jpg
1267,1267,1267,1267,sushi,Dishes,English,1268.jpg
1268,1268,1268,1268,water_lilly,Other,English,1269.jpg
1269,1269,1269,1269,ursus-arctos-horribilis,Animalia,Latina,1270.jpg
1270,1270,1270,1270,caprese_salad,Dishes,English,1271.jpg
1271,1271,1271,1271,poutine,Dishes,English,1272.jpg
1272,1272,1272,1272,scallops,Dishes,English,1273.jpg
1273,1273,1273,1273,sashimi,Dishes,English,1274.jpg
1274,1274,1274,1274,camera,Other,English,1275.jpg
1275,1275,1275,1275,schooner,Other,English,1276.jpg
1276,1276,1276,1276,pho,Dishes,English,1277.jpg
1277,1277,1277,1277,hydrurga-leptonyx,Animalia,Latina,1278.jpg
1278,1278,1278,1278,creme_brulee,Dishes,English,1279.jpg
1279,1279,1279,1279,yin_yang,Other,English,1280.jpg
1280,1280,1280,1280,homo-sapiens,Animalia,Latina,1281.jpg
1281,1281,1281,1281,poecile-atricapillus,Animalia,Latina,1282.jpg
1282,1282,1282,1282,cryptoprocta-ferox,Animalia,Latina,1283.jpg
1283,1283,1283,1283,breakfast_burrito,Dishes,English,1284.jpg
1284,1284,1284,1284,heterocera,Animalia,Latina,1285.jpg
1285,1285,1285,1285,pterois-volitans,Animalia,Latina,1286.jpg
1286,1286,1286,1286,tapirus,Animalia,Latina,1287.jpg
1287,1287,1287,1287,stapler,Other,English,1288.jpg
1288,1288,1288,1288,mussels,Dishes,English,1289.jpg
1289,1289,1289,1289,lasagna,Dishes,English,1290.jpg
1290,1290,1290,1290,ailurus-fulgens,Animalia,Latina,1291.jpg
1291,1291,1291,1291,pongo-abelii,Animalia,Latina,1292.jpg
1292,1292,1292,1292,cathartes-aura,Animalia,Latina,1293.jpg
1293,1293,1293,1293,Hormiga,Insectos,Español,1294.jpg
1294,1294,1294,1294,ankylosaurus-magniventris,Animalia,Latina,1295.jpg
1295,1295,1295,1295,trilobite,Other,English,1296.jpg
1296,1296,1296,1296,cocodrilo,Anfibio,Español,1297.jpg
1297,1297,1297,1297,beignets,Dishes,English,1298.jpg
1298,1298,1298,1298,tacos,Dishes,English,1299.jpg
1299,1299,1299,1299,crab,Other,English,1300.jpg
1300,1300,1300,1300,yin_yang,Other,English,1301.jpg
1301,1301,1301,1301,cannon,Other,English,1302.jpg
1302,1302,1302,1302,beef_tartare,Dishes,English,1303.jpg
1303,1303,1303,1303,ceviche,Dishes,English,1304.jpg
1304,1304,1304,1304,ice_cream,Dishes,English,1305.jpg
1305,1305,1305,1305,wheelchair,Other,English,1306.jpg
1306,1306,1306,1306,accordion,Other,English,1307.jpg
1307,1307,1307,1307,pulled_pork_sandwich,Dishes,English,1308.jpg
1308,1308,1308,1308,stegosaurus,Other,English,1309.jpg
1309,1309,1309,1309,formicidae,Animalia,Latina,1310.jpg
1310,1310,1310,1310,homo-sapiens,Animalia,Latina,1311.jpg
1311,1311,1311,1311,eudocimus-albus,Animalia,Latina,1312.jpg
1312,1312,1312,1312,garlic_bread,Dishes,English,1313.jpg
1313,1313,1313,1313,lobster_roll_sandwich,Dishes,English,1314.jpg
1314,1314,1314,1314,pad_thai,Dishes,English,1315.jpg
1315,1315,1315,1315,nachos,Dishes,English,1316.jpg
1316,1316,1316,1316,watch,Other,English,1317.jpg
1317,1317,1317,1317,fried_calamari,Dishes,English,1318.jpg
1318,1318,1318,1318,lamp,Other,English,1319.jpg
1319,1319,1319,1319,mellisuga-helenae,Animalia,Latina,1320.jpg
1320,1320,1320,1320,watch,Other,English,1321.jpg
1321,1321,1321,1321,panna_cotta,Dishes,English,1322.jpg
1322,1322,1322,1322,tapirus,Animalia,Latina,1323.jpg
1323,1323,1323,1323,martes-americana,Animalia,Latina,1324.jpg
1324,1324,1324,1324,codium-fragile,Animalia,Latina,1325.jpg
1325,1325,1325,1325,pork_chop,Dishes,English,1326.jpg
1326,1326,1326,1326,chicken_curry,Dishes,English,1327.jpg
1327,1327,1327,1327,lepus-americanus,Animalia,Latina,1328.jpg
1328,1328,1328,1328,chicken_quesadilla,Dishes,English,1329.jpg
1329,1329,1329,1329,umbrella,Other,English,1330.jpg
1330,1330,1330,1330,dalmatian,Other,English,1331.jpg
1331,1331,1331,1331,cannoli,Dishes,English,1332.jpg
1332,1332,1332,1332,pantherophis-alleghaniensis,Animalia,Latina,1333.jpg
1333,1333,1333,1333,iguanodon-bernissartensis,Animalia,Latina,1334.jpg
1334,1334,1334,1334,stop_sign,Other,English,1335.jpg
1335,1335,1335,1335,emu,Other,English,1336.jpg
1336,1336,1336,1336,takoyaki,Dishes,English,1337.jpg
1337,1337,1337,1337,mellisuga-helenae,Animalia,Latina,1338.jpg
1338,1338,1338,1338,pulled_pork_sandwich,Dishes,English,1339.jpg
1339,1339,1339,1339,wild_cat,Other,English,1340.jpg
1340,1340,1340,1340,sciurus-carolinensis,Animalia,Latina,1341.jpg
1341,1341,1341,1341,grilled_salmon,Dishes,English,1342.jpg
1342,1342,1342,1342,hippopotamus-amphibius,Animalia,Latina,1343.jpg
1343,1343,1343,1343,bonsai,Other,English,1344.jpg
1344,1344,1344,1344,delphinapterus-leucas,Animalia,Latina,1345.jpg
1345,1345,1345,1345,dugong-dugon,Animalia,Latina,1346.jpg
1346,1346,1346,1346,periplaneta-americana,Animalia,Latina,1347.jpg
1347,1347,1347,1347,telmatobufo-bullocki,Animalia,Latina,1348.jpg
1348,1348,1348,1348,danaus-plexippus,Animalia,Latina,1349.jpg
1349,1349,1349,1349,eggs_benedict,Dishes,English,1350.jpg
1350,1350,1350,1350,prime_rib,Dishes,English,1351.jpg
1351,1351,1351,1351,apple_pie,Dishes,English,1352.jpg
1352,1352,1352,1352,turdus-migratorius,Animalia,Latina,1353.jpg
1353,1353,1353,1353,soccer_ball,Other,English,1354.jpg
1354,1354,1354,1354,ornithorhynchus-anatinus,Animalia,Latina,1355.jpg
1355,1355,1355,1355,geococcyx-californianus,Animalia,Latina,1356.jpg
1356,1356,1356,1356,apis-mellifera,Animalia,Latina,1357.jpg
1357,1357,1357,1357,nautilus,Other,English,1358.jpg
1358,1358,1358,1358,dendrobatidae,Animalia,Latina,1359.jpg
1359,1359,1359,1359,stapler,Other,English,1360.jpg
1360,1360,1360,1360,ketch,Other,English,1361.jpg
1361,1361,1361,1361,dollar_bill,Other,English,1362.jpg
1362,1362,1362,1362,ailurus-fulgens,Animalia,Latina,1363.jpg
1363,1363,1363,1363,gorilla-gorilla,Animalia,Latina,1364.jpg
1364,1364,1364,1364,Elefante,Mamífero,Español,1365.jpg
1365,1365,1365,1365,mergus-serrator,Animalia,Latina,1366.jpg
1366,1366,1366,1366,cyanocitta-cristata,Animalia,Latina,1367.jpg
1367,1367,1367,1367,deviled_eggs,Dishes,English,1368.jpg
1368,1368,1368,1368,beignets,Dishes,English,1369.jpg
1369,1369,1369,1369,tapirus,Animalia,Latina,1370.jpg
1370,1370,1370,1370,vultur-gryphus,Animalia,Latina,1371.jpg
1371,1371,1371,1371,ewer,Other,English,1372.jpg
1372,1372,1372,1372,mergus-serrator,Animalia,Latina,1373.jpg
1373,1373,1373,1373,ovis-aries,Animalia,Latina,1374.jpg
1374,1374,1374,1374,agalychnis-callidryas,Animalia,Latina,1375.jpg
1375,1375,1375,1375,tyrannus-tyrannus,Animalia,Latina,1376.jpg
1376,1376,1376,1376,octopus,Other,English,1377.jpg
1377,1377,1377,1377,cup_cakes,Dishes,English,1378.jpg
1378,1378,1378,1378,hamburger,Dishes,English,1379.jpg
1379,1379,1379,1379,panthera-tigris,Animalia,Latina,1380.jpg
1380,1380,1380,1380,pterois-mombasae,Animalia,Latina,1381.jpg
1381,1381,1381,1381,telmatobufo-bullocki,Animalia,Latina,1382.jpg
1382,1382,1382,1382,apis-mellifera,Animalia,Latina,1383.jpg
1383,1383,1383,1383,branta-canadensis,Animalia,Latina,1384.jpg
1384,1384,1384,1384,platypus,Other,English,1385.jpg
1385,1385,1385,1385,lobster_bisque,Dishes,English,1386.jpg
1386,1386,1386,1386,lobster,Other,English,1387.jpg
1387,1387,1387,1387,oysters,Dishes,English,1388.jpg
1388,1388,1388,1388,trilobite,Other,English,1389.jpg
1389,1389,1389,1389,stegosaurus-stenops,Animalia,Latina,1390.jpg
1390,1390,1390,1390,octopus,Other,English,1391.jpg
1391,1391,1391,1391,betta-splendens,Animalia,Latina,1392.jpg
1392,1392,1392,1392,enteroctopus-dofleini,Animalia,Latina,1393.jpg
1393,1393,1393,1393,dragonfly,Other,English,1394.jpg
1394,1394,1394,1394,coelacanthiformes,Animalia,Latina,1395.jpg
1395,1395,1395,1395,lobster_roll_sandwich,Dishes,English,1396.jpg
1396,1396,1396,1396,cheesecake,Dishes,English,1397.jpg
1397,1397,1397,1397,tyrannosaurus-rex,Animalia,Latina,1398.jpg
1398,1398,1398,1398,ailuropoda-melanoleuca,Animalia,Latina,1399.jpg
1399,1399,1399,1399,electric_guitar,Other,English,1400.jpg
1400,1400,1400,1400,trilobite,Other,English,1401.jpg
1401,1401,1401,1401,falco-peregrinus,Animalia,Latina,1402.jpg
1402,1402,1402,1402,danaus-plexippus,Animalia,Latina,1403.jpg
1403,1403,1403,1403,helicopter,Other,English,1404.jpg
1404,1404,1404,1404,dasypus-novemcinctus,Animalia,Latina,1405.jpg
1405,1405,1405,1405,dugong-dugon,Animalia,Latina,1406.jpg
1406,1406,1406,1406,ferry,Other,English,1407.jpg
1407,1407,1407,1407,lotus,Other,English,1408.jpg
1408,1408,1408,1408,bonsai,Other,English,1409.jpg
1409,1409,1409,1409,ardea-herodias,Animalia,Latina,1410.jpg
1410,1410,1410,1410,grilled_cheese_sandwich,Dishes,English,1411.jpg
1411,1411,1411,1411,samosa,Dishes,English,1412.jpg
